raw_row_id,office_id,office_name,office_street_address,office_city,office_state,office_zip_code,office_phone_number,empl_id,employee_first_name,employee_last_name,employee_job_title,employment_type,hire_date,employee_email,employee_phone_number,license_id,license_eff_date,license_exp_date,license_state,client_id,client_first_name,client_last_name,client_corp_name,client_tax_id,client_phone_number,client_email,client_type,client_req_id,req_state,req_city,req_zip_code,req_property_type_id,req_property_type_name,req_bedrooms,req_bathrooms,amenity_id,amenity_name,unit_id,property_zip_code,unit_number,building_number,property_street,property_city,property_state,property_county,property_type_id,property_type_name,listing_id,listing_price,listing_status,appointment_id,appointment_date,appointment_time,appointment_notes,appointment_status,transaction_id,transaction_amount,transaction_commission,transaction_date,transaction_type,client_role,open_house_id,open_house_date,open_house_time,neighborhood_zip_code,neighborhood_name,school_id,school_name,school_street,school_city,school_state,school_county,school_zip_code,station_id,transit_type
1,7,White Plains Office,10 Main St,White Plains,NY,10601,9145551717,38,Abner,Booth,Senior Agent,FT,3/23/21,abnerbooth@dreamhomesnyc.com,9145550038,1038,3/23/21,3/23/23,NY,39,Owen,Morris,,,5551390039,owen.morris39@email.com,Individual,1000,NY,Hoboken,10601,4,Townhouse,1,2,,,121,10601,,15,Main St,White Plains,NY,Westchester,2,House,121,1177273,Active,1,4/2/26,12:00,follow-up,completed,,,,,,,1,4/6/26,12:00,10601,Downtown White Plains,7,White Plains HS,550 North St,White Plains,NY,Westchester,10601,7,ferry
2,6,Brooklyn Heights Office,200 Montague St,Brooklyn,NY,11201,7185551616,32,Titan,Griffin,Senior Agent,FT,9/11/22,titangriffin@dreamhomesnyc.com,7185550032,1032,9/11/22,9/11/24,NY,120,John,Doe,,,5552200120,john.doe120@email.com,Individual,1001,NY,Brooklyn,11201,3,Apartment,1,2,4,Elevator,103,11201,,693,Court St,Brooklyn,NY,Kings,3,Apartment,103,3737,Active,2,4/3/26,13:30,family interested in schools,completed,,,,,,,,,,11201,Brooklyn Heights,6,Brooklyn Heights Prep,50 Court St,Brooklyn,NY,Kings,11201,6,bus
3,1,Hoboken Office,123 River St,Hoboken,NJ,7030,2015551111,2,Bronson,McCullough,Senior Agent,FT,3/5/20,bronsonmccullough@dreamhomesnyc.com,2015550002,1002,3/5/20,3/5/22,NJ,89,Sara,Cooper,,,5551890089,sara.cooper89@email.com,Individual,1002,NJ,Hoboken,7030,4,Townhouse,4,2,4,Elevator,7,7030,,783,River St,Hoboken,NJ,Hudson,1,Condo,7,1363536,Withdrawn,,,,,,,,,,,,3,4/8/26,13:00,7030,Hoboken,1,Hoboken High,800 Clinton St,Hoboken,NJ,Hudson,7030,1,subway
4,4,Princeton Office,55 Nassau St,Princeton,NJ,8542,(609) 555-1414,23,Ellianna,Nixon,Agent,PT,12/20/20,elliannanixon@dreamhomesnyc.com,609-555-0023,1023,12/20/20,12/20/22,NJ,106,Miles,Lopez,,,5552060106,miles.lopez106@email.com,Individual,1003,NY,Princeton,6510,4,Townhouse,1,2,2,Pool,60,8542,,875,Witherspoon St,Princeton,NJ,Mercer,4,Townhouse,60,1599778,Withdrawn,4,4/5/26,12:00,late showing,scheduled,,,,,,,,,,8542,Princeton Center,4,Princeton High,151 Moore St,Princeton,NJ,Mercer,8542,4,ferry
5,4,Princeton Office,55 Nassau St,PRINCETON,NJ,8542,6095551414,23,Ellianna,Nixon,Agent,PT,12/20/20,elliannanixon@dreamhomesnyc.com,6095550023,1023,12/20/20,12/20/22,NJ,52,Leo,Ng,,,5551520052,leo.ng52@email.com,Individual,1004,NJ,JERSEY CITY,8542,3,Apartment,2,2,2,Pool,70,8542,,535,Mercer St,Princeton,NJ,Mercer,3,Apartment,70,5890,Active,5,4/6/26,13:30,investor inquiry,Scheduled,5,5964.71,147.82,3/6/26,sale,buyer,5,4/10/26,13:00,8542,Princeton Center,4,Princeton High,151 Moore St,Princeton,NJ,Mercer,8542,4,subway
6,6,Brooklyn Heights Office,200 Montague St,Brooklyn,NY,11201,(718) 555-1616,35,Allison,Chung,Agent,PT,12/17/18,allisonchung@dreamhomesnyc.com,718-555-0035,1035,12/17/18,12/17/20,NY,13,Paul,Reed,,,5551130013,paul.reed13@email.com,Individual,1005,NY,Brooklyn,7030,4,Townhouse,3,3,2,Pool,92,11201,,150,Montague St,Brooklyn,NY,Kings,2,House,92,1710478,Active,6,4/7/26,9:00,family interested in schools,Completed,6,1669516.09,46157.34,3/7/26,sale,buyer,,,,11201,Brooklyn Heights,6,Brooklyn Heights Prep,50 Court St,Brooklyn,NY,Kings,11201,6,ferry
7,1,Hoboken Office,123 River St,Hoboken,NJ,7030,(201) 555-1111,2,Bronson,McCullough,Senior Agent,FT,3/5/20,bronsonmccullough@dreamhomesnyc.com,201-555-0002,1002,3/5/20,3/5/22,NJ,166,Miles,Cole,,,5552660166,miles.cole166@email.com,Individual,1006,NJ,Hoboken,11201,2,House,2,1,4,Elevator,6,7030,,681,Hudson St,Hoboken,NJ,Hudson,2,House,6,799811,Active,7,4/8/26,13:30,commuting buyer,Completed,,,,,,,,,,7030,Hoboken,1,Hoboken High,800 Clinton St,Hoboken,NJ,Hudson,7030,1,ferry
8,7,White Plains Office,10 Main St,White Plains,NY,10601,9145551717,37,Nala,Compton,Manager,FT,2/21/20,nalacompton@dreamhomesnyc.com,9145550037,,,,,158,Mia,Hall,,,5552580158,mia.hall158@email.com,Individual,1007,NY,White Plains,10601,4,Townhouse,3,2,2,Pool,115,10601,,845,Mamaroneck Ave,White Plains,NY,Westchester,4,Townhouse,115,997643,Active,8,4/9/26,15:00,family interested in schools,completed,,,,,,,,,,10601,Downtown White Plains,7,White Plains HS,550 North St,White Plains,NY,Westchester,10601,7,train
9,7,White Plains Office,10 Main St,White Plains,NY,10601,9145551717,39,Zariyah,Gould,Agent,FT,4/25/22,zariyahgould@dreamhomesnyc.com,9145550039,1039,4/25/22,4/25/24,NY,125,Eva,Garcia,,,5552250125,eva.garcia125@email.com,Individual,1008,NY,White Plains,10601,2,House,1,2,3,Parking,123,10601,,881,Main St,White Plains,NY,Westchester,2,House,123,514768,Pending,9,4/10/26,13:30,late showing,completed,,,,,,,,,,10601,Downtown White Plains,7,White Plains HS,550 North St,White Plains,NY,Westchester,10601,7,subway
10,10,New Haven Office,275 Chapel St,new haven,CT,6510,2035552020,59,Sergio,Harrison,Agent,PT,12/11/21,sergioharrison@dreamhomesnyc.com,2035550059,1059,12/11/21,12/11/23,CT,137,Ruby,Cooper,,,5552370137,ruby.cooper137@email.com,Individual,1009,CT,NEW HAVEN,8542,3,Apartment,2,2,2,Pool,169,6510,,858,Orange St,New Haven,CT,New Haven,3,Apartment,169,3894,Active,10,4/11/26,17:15,late showing,completed,10,3972.1,306.31,3/11/26,rental,owner,,,,6510,Downtown New Haven,10,Hillhouse HS,480 Sherman Pkwy,New Haven,CT,New Haven,6510,10,train
11,8,Stamford Office,300 Atlantic St,Stamford,CT,6901,2035551818,47,Jaylah,Hodges,Agent,PT,12/14/23,jaylahhodges@dreamhomesnyc.com,2035550047,1047,12/14/23,12/14/25,CT,126,Noah,Kim,,,5552260126,noah.kim126@email.com,Individual,1010,CT,Stamford,7030,5,Co-op,1,2,6,Laundry,139,6901,27B,967,Broad St,Stamford,CT,Fairfield,5,Co-op,139,1207923,Withdrawn,11,4/12/26,12:00,First showing,Scheduled,11,1212057.32,28558.97,3/12/26,sale,buyer,,,,6901,Downtown Stamford,8,Stamford HS,55 Strawberry Hill Ave,Stamford,CT,Fairfield,6901,8,train
12,2,Jersey City Office,90 Hudson Street,Jersey City,NJ,7302,2015551212,11,Nayeli,Robertson,Agent,PT,12/23/22,nayelirobertson@dreamhomesnyc.com,2015550011,1011,12/23/22,12/23/24,NJ,170,,,Metro Holdings,91-1000170,5552700170,deals170@metroholdings,Corporation,1011,NJ,Jersey City,7302,5,Co-op,1,2,2,Pool,19,7302,9B,316,Marin Blvd,Jersey City,NJ,Hudson,5,Co-op,19,1478480,Pending,12,4/13/26,15:00,late showing,Completed,,,,,,,,,,7302,Downtown JC,2,PS 16,96 Sussex St,Jersey City,NJ,Hudson,7302,2,train
13,10,New Haven Office,275 Chapel St,new haven,CT,6510,2035552020,56,Pearl,Roberson,Senior Agent,FT,9/5/18,pearlroberson@dreamhomesnyc.com,2035550056,1056,9/5/18,9/5/20,CT,46,Miles,Cole,,,5551460046,miles.cole46@email.com,Individual,1012,CT,WHITE PLAINS,6510,5,Co-op,3,2,5,Doorman,177,6510,14A,795,Orange St,New Haven,CT,New Haven,5,Co-op,177,964923,Pending,13,4/14/26,13:30,price sensitive,Canceled,,,,,,,13,4/18/26,13:00,6510,Downtown New Haven,10,Hillhouse HS,480 Sherman Pkwy,New Haven,CT,New Haven,6510,10,train
14,10,New Haven Office,275 Chapel Street,New Haven,CT,6510,2035552020,57,Shepherd,Clark,Agent,FT,10/7/19,shepherdclark@dreamhomesnyc.com,2035550057,1057,10/7/19,10/7/21,CT,86,Ethan,Hall,,,5551860086,ethan.hall86@email.com,Individual,1013,CT,New Haven,6510,2,House,2,1,4,Elevator,172,6510,,499,Chapel St,New Haven,CT,New Haven,2,House,172,489613,Pending,,,,repeat row,,,,,,,,,,,6510,Downtown New Haven,10,Hillhouse HS,480 Sherman Pkwy,New Haven,CT,New Haven,6510,10,train
15,8,Stamford Office,300 Atlantic St,Stamford,CT,6901,2035551818,44,August,Walsh,Senior Agent,FT,9/8/20,augustwalsh@dreamhomesnyc.com,2035550044,1044,9/8/20,9/8/22,CT,123,Lina,Patel,,,5552230123,lina.patel123@email.com,Individual,1014,CT,Princeton,6901,4,Townhouse,1,2,3,Parking,140,6901,,182,Broad St,Stamford,CT,Fairfield,4,Townhouse,140,623170,Closed,15,4/16/26,13:30,price sensitive,Scheduled,,,,,,,,,,6901,Downtown Stamford,8,Stamford HS,55 Strawberry Hill Ave,Stamford,CT,Fairfield,6901,8,train
16,9,Greenwich Office,40 Field Point Rd,Greenwich,CT,6830,(203) 555-1919,52,Thalia,Sierra,Agent,FT,5/24/21,thaliasierra@dreamhomesnyc.com,203-555-0052,1052,5/24/21,5/24/23,CT,181,Jane,Reed,,,5552810181,jane.reed181@email.com,Individual,1015,CT,Montclair,10601,2,House,1,2,6,Laundry,153,6830,,458,Mason St,Greenwich,CT,Fairfield,2,House,153,2481214,Active,,,,,,,,,,,,,,,6830,Greenwich Ave,9,Greenwich High,10 Hillside Rd,Greenwich,CT,Fairfield,6830,9,bus
17,2,Jersey City Office,90 Hudson Street,Jersey City,NJ,7302,2015551212,10,Braden,Cross,Agent,FT,11/21/21,bradencross@dreamhomesnyc.com,2015550010,1010,11/21/21,11/21/23,NJ,147,Bella,Patel,,,5552470147,bella.patel147@email.com,Individual,1016,NJ,Jersey City,7302,1,Condo,1,2,1,Gym,25,7302,,735,Grand St,Jersey City,NJ,Hudson,1,Condo,25,1152248,Active,17,4/18/26,10:30,investor inquiry,Scheduled,,,,,,,17,4/22/26,14:00,7302,Downtown JC,2,PS 16,96 Sussex St,Jersey City,NJ,Hudson,7302,2,subway
18,10,New Haven Office,275 Chapel Street,New Haven,CT,6510,2035552020,57,Shepherd,Clark,Agent,FT,10/7/19,shepherdclark@dreamhomesnyc.com,2035550057,1057,10/7/19,10/7/21,CT,165,,,North Elm Partners,86-1000165,5552650165,deals165@northelmpartners.com,Corporation,1017,CT,New Haven,11201,2,House,1,2,5,Doorman,170,6510,11B,715,Chapel St,New Haven,CT,New Haven,2,House,170,1005993,Active,18,4/19/26,17:15,follow-up,Scheduled,,,,,,,,,,6510,Downtown New Haven,10,Hillhouse HS,480 Sherman Pkwy,New Haven,CT,New Haven,6510,10,train
19,8,Stamford Office,300 Atlantic St,Stamford,CT,6901,2035551818,46,Darius,Beasley,Agent,FT,11/12/22,dariusbeasley@dreamhomesnyc.com,2035550046,1046,11/12/22,11/12/24,CT,100,Ivy,Ng,,,5552000100,ivy.ng100@email.com,Individual,1018,NY,Stamford,6901,1,Condo,2,1,,,142,6901,,27,Broad St,Stamford,CT,Fairfield,1,Condo,142,1599715,Active,,,,,,,,,,,,,,,6901,Downtown Stamford,8,Stamford HS,55 Strawberry Hill Ave,Stamford,CT,Fairfield,6901,8,bus
20,2,Jersey City Office,90 Hudson St,Jersey City,NJ,7302,(201) 555-1212,10,Braden,Cross,Agent,FT,11/21/21,bradencross@dreamhomesnyc.com,201-555-0010,1010,11/21/21,11/21/23,NJ,45,Leah,Foster,,,5551450045,leah.foster45@email.com,Individual,1019,NJ,Princeton,7302,3,Apartment,4,2,5,Doorman,31,7302,18A,353,Grand St,Jersey City,NJ,Hudson,3,Apartment,31,6416,Active,20,4/21/26,17:15,follow-up,Scheduled,,,,,,,,,,7302,Downtown JC,2,PS 16,96 Sussex St,Jersey City,NJ,Hudson,7302,2,subway
21,8,Stamford Office,300 Atlantic St,Stamford,CT,6901,(203) 555-1818,47,Jaylah,Hodges,Agent,PT,12/14/23,jaylahhodges@dreamhomesnyc.com,203-555-0047,1047,12/14/23,12/14/25,CT,4,Chris,Ng,,,5551040004,chris.ng4@email.com,Individual,1020,CT,Stamford,7302,4,Townhouse,1,3,1,Gym,134,6901,,579,Summer St,Stamford,CT,Fairfield,4,Townhouse,134,812932,Active,21,4/22/26,9:00,investor inquiry,completed,,,,,,,,,,6901,Downtown Stamford,8,Stamford HS,55 Strawberry Hill Ave,Stamford,CT,Fairfield,6901,8,bus
22,10,New Haven Office,275 Chapel St,New Haven,CT,6510,2035552020,58,Chloe,Zimmerman,Agent,FT,11/9/20,chloezimmerman@dreamhomesnyc.com,2035550058,1058,11/9/20,11/9/22,CT,156,Noah,Flores,,,5552560156,noah.flores156@email.com,Individual,1021,CT,New Haven,6510,4,Townhouse,4,2,2,Pool,168,6510,,345,State St,New Haven,CT,New Haven,4,Townhouse,168,800513,Closed,22,4/23/26,13:30,investor inquiry,Canceled,22,811371.75,20100.04,3/23/26,sale,seller,,,,6510,Downtown New Haven,10,Hillhouse HS,480 Sherman Pkwy,New Haven,CT,New Haven,6510,10,train
23,4,Princeton Office,55 Nassau St,princeton,NJ,8542,6095551414,22,Trey,Kane,Agent,FT,11/18/19,treykane@dreamhomesnyc.com,6095550022,1022,11/18/19,11/18/21,NJ,191,Ryan,Price,,,5552910191,ryan.price191@email.com,Individual,1022,NJ,NEW YORK,6510,5,Co-op,1,2,,,59,8542,17B,156,Nassau St,Princeton,NJ,Mercer,5,Co-op,59,1403207,Active,23,4/24/26,12:00,First showing,completed,,,,,,,23,4/28/26,14:00,8542,Princeton Center,4,Princeton High,151 Moore St,Princeton,NJ,Mercer,8542,4,bus
24,3,Montclair Office,18 Bloomfield Ave,Montclair,NJ,7042,9735551313,15,Zaylee,Trejo,Agent,FT,4/4/19,zayleetrejo@dreamhomesnyc.com,9735550015,1015,4/4/19,4/4/21,NJ,52,Leo,Ng,,,5551520052,leo.ng52@email.com,Individual,1023,NJ,Montclair,7042,5,Co-op,1,2,,,45,7042,,399,Park St,Montclair,NJ,Essex,5,Co-op,45,1251194,Active,24,4/25/26,10:30,late showing,scheduled,,,,,,,,,,7042,Upper Montclair,3,Montclair High,100 Chestnut St,Montclair,NJ,Essex,7042,3,ferry
25,5,Chelsea Office,456 8th Ave,New York,NY,10001,2125551515,29,Reese,Chapman,Agent,PT,6/5/19,reesechapman@dreamhomesnyc.com,2125550029,1029,6/5/19,6/5/21,NY,67,Sophia,Bell,,,5551670067,sophia.bell67@email.com,Individual,1024,CT,New York,10001,4,Townhouse,3,1,,,89,10001,,635,W 26th St,New York,NY,New York,4,Townhouse,89,1970394,Closed,25,4/26/26,15:00,First showing,Scheduled,,,,,,,,,,10001,Chelsea,5,PS 33,281 9th Ave,New York,NY,New York,10001,5,ferry
26,4,Princeton Office,55 Nassau St,Princeton,NJ,8542,6095551414,23,Ellianna,Nixon,Agent,PT,12/20/20,elliannanixon@dreamhomesnyc.com,6095550023,1023,12/20/20,12/20/22,NJ,79,Ava,Allen,,,5551790079,ava.allen79@email.com,Individual,1025,CT,Princeton,8542,3,Apartment,2,2,,,58,8542,23B,825,Nassau St,Princeton,NJ,Mercer,3,Apartment,58,5733,Pending,26,4/27/26,15:00,follow-up,Scheduled,,,,,,,,,,8542,Princeton Center,4,Princeton High,151 Moore St,Princeton,NJ,Mercer,8542,4,ferry
27,8,Stamford Office,300 Atlantic St,stamford,CT,6901,2035551818,46,Darius,Beasley,Agent,FT,11/12/22,dariusbeasley@dreamhomesnyc.com,2035550046,1046,11/12/22,11/12/24,CT,156,Noah,Flores,,,5552560156,noah.flores156@email.com,Individual,1026,CT,STAMFORD,6901,3,Apartment,2,2,2,Pool,144,6901,32B,729,Atlantic St,Stamford,CT,Fairfield,1,Condo,144,1497196,Closed,27,4/28/26,10:30,First showing,completed,,,,,,,,,,6901,Downtown Stamford,8,Stamford HS,55 Strawberry Hill Ave,Stamford,CT,Fairfield,6901,8,bus
28,5,Chelsea Office,456 8th Ave,New York,NY,10001,2125551515,26,Beckett,Delgado,Senior Agent,FT,3/26/23,beckettdelgado@dreamhomesnyc.com,2125550026,1026,3/26/23,3/26/25,NY,108,Caleb,Flores,,,5552080108,caleb.flores108@email.com,Individual,1027,NY,New Haven,6510,3,Apartment,4,1,,,76,10001,14B,103,W 28th St,New York,NY,New York,1,Condo,76,1310301,Active,28,4/29/26,12:00,price sensitive,completed,28,1243192.99,29164.79,3/29/26,sale,seller,,,,10001,Chelsea,5,PS 33,281 9th Ave,New York,NY,New York,10001,5,ferry
29,10,New Haven Office,275 Chapel St,New Haven,CT,6510,2035552020,60,Jasmine,Nava,Transaction Coordinator,FT,1/13/22,jasminenava@dreamhomesnyc.com,2035550060,,,,,23,Hannah,Price,,,5551230023,hannah.price23@email.com,Individual,1028,CT,New Haven,10601,3,Apartment,2,2,1,Gym,175,6510,,312,State St,New Haven,CT,New Haven,4,Townhouse,175,362653,Withdrawn,,,,,,,,,,,,,,,6510,Downtown New Haven,10,Hillhouse HS,480 Sherman Pkwy,New Haven,CT,New Haven,6510,10,train
30,3,Montclair Office,18 Bloomfield Ave,MONTCLAIR,NJ,7042,9735551313,17,Charley,Houston,Agent,PT,6/8/21,charleyhouston@dreamhomesnyc.com,9735550017,1017,6/8/21,6/8/23,NJ,175,Priya,Allen,,,5552750175,priya.allen175@email.com,Individual,1029,NJ,MONTCLAIR,7042,2,House,1,2,4,Elevator,50,7042,,720,Park St,Montclair,NJ,Essex,4,Townhouse,50,638479,Closed,30,5/1/26,17:15,price sensitive,Scheduled,,,,,,,,,,7042,Upper Montclair,3,Montclair High,100 Chestnut St,Montclair,NJ,Essex,7042,3,ferry
31,1,Hoboken Office,123 River St,Hoboken,NJ,7030,2015551111,2,Bronson,McCullough,Senior Agent,FT,3/5/20,bronsonmccullough@dreamhomesnyc.com,2015550002,1002,3/5/20,3/5/22,NJ,54,Jason,Kim,,,5551540054,jason.kim54@email.com,Individual,1030,NJ,Hoboken,7030,1,Condo,1,3,4,Elevator,2,7030,35B,213,Washington St,Hoboken,NJ,Hudson,5,Co-op,2,1121029,Withdrawn,31,5/2/26,9:00,family interested in schools,Canceled,,,,,,,,,,7030,Hoboken,1,Hoboken High,800 Clinton St,Hoboken,NJ,Hudson,7030,1,subway
32,1,Hoboken Office,123 River St,Hoboken,NJ,7030,(201) 555-1111,4,Arturo,Russell,Agent,FT,5/9/22,arturorussell@dreamhomesnyc.com,201-555-0004,1004,5/9/22,5/9/24,NJ,161,Ryan,Cooper,,,5552610161,ryan.cooper161@email.com,Individual,1031,NJ,Brooklyn,7030,2,House,3,3,3,Parking,5,7030,,483,Hudson St,Hoboken,NJ,Hudson,2,House,5,1367870,Closed,32,5/3/26,15:00,late showing,scheduled,,,,,,,,,,7030,Hoboken,1,Hoboken High,800 Clinton St,Hoboken,NJ,Hudson,7030,1,subway
33,6,Brooklyn Heights Office,200 Montague St,Brooklyn,NY,11201,7185551616,32,Titan,Griffin,Senior Agent,FT,9/11/22,titangriffin@dreamhomesnyc.com,7185550032,1032,9/11/22,9/11/24,NY,104,Tara,Chen,,,5552040104,tara.chen104@email.com,Individual,1032,NY,Brooklyn,8542,5,Co-op,3,1,4,Elevator,92,11201,,150,Montague St,Brooklyn,NY,Kings,2,House,92,1710478,Active,,,,,,33,1690167.8,38644.68,4/3/26,sale,buyer,,,,11201,Brooklyn Heights,6,Brooklyn Heights Prep,50 Court St,Brooklyn,NY,Kings,11201,6,ferry
34,10,New Haven Office,275 Chapel St,New Haven,CT,6510,(203) 555-2020,56,Pearl,Roberson,Senior Agent,FT,9/5/18,pearlroberson@dreamhomesnyc.com,203-555-0056,1056,9/5/18,9/5/20,CT,114,Jason,Ward,,,5552140114,jason.ward114@email.com,Individual,1033,CT,New Haven,6510,5,Co-op,4,1,3,Parking,177,6510,14A,795,Orange St,New Haven,CT,New Haven,5,Co-op,177,964923,Pending,34,5/5/26,17:15,price sensitive,scheduled,,,,,,,34,5/9/26,11:00,6510,Downtown New Haven,10,Hillhouse HS,480 Sherman Pkwy,New Haven,CT,New Haven,6510,10,train
35,2,Jersey City Office,90 Hudson St,Jersey City,NJ,7302,2015551212,8,Adler,Krueger,Senior Agent,FT,9/17/19,adlerkrueger@dreamhomesnyc.com,2015550008,1008,9/17/19,9/17/21,NJ,156,Noah,Flores,,,5552560156,noah.flores156@email.com,Individual,1034,NJ,Jersey City,7302,2,House,4,2,2,Pool,28,7302,,35,Grove St,Jersey City,NJ,Hudson,2,House,28,1591014,Active,35,5/6/26,13:30,late showing,Completed,35,1591725.15,46640.09,4/5/26,sale,seller,35,4/5/26,11:00,7302,Downtown JC,2,PS 16,96 Sussex St,Jersey City,NJ,Hudson,7302,2,ferry
36,2,Jersey City Office,90 Hudson St,JERSEY CITY,NJ,7302,2015551212,12,Emiliano,Durham,Transaction Coordinator,FT,1/25/23,emilianodurham@dreamhomesnyc.com,2015550012,,,,,60,John,Flores,,,5551600060,john.flores60@email.com,Individual,1035,NJ,NEW YORK,7302,4,Townhouse,1,1,4,Elevator,26,7302,,723,Grand St,Jersey City,NJ,Hudson,4,Townhouse,26,1397229,Active,36,5/7/26,9:00,First showing,Scheduled,,,,,,,,,,7302,Downtown JC,2,PS 16,96 Sussex St,Jersey City,NJ,Hudson,7302,2,subway
37,9,Greenwich Office,40 Field Point Rd,Greenwich,CT,6830,2035551919,51,Jakob,Calhoun,Agent,FT,4/22/20,jakobcalhoun@dreamhomesnyc.com,2035550051,1051,4/22/20,4/22/22,CT,188,Mia,Ross,,,5552880188,mia.ross188@email.com,Individual,1036,CT,Montclair,6830,5,Co-op,2,2,4,Elevator,160,6830,,126,Mason St,Greenwich,CT,Fairfield,5,Co-op,160,2213596,Active,37,5/8/26,10:30,follow-up,Completed,,,,,,,37,4/7/26,12:00,6830,Greenwich Ave,9,Greenwich High,10 Hillside Rd,Greenwich,CT,Fairfield,6830,9,train
38,9,Greenwich Office,40 Field Point Rd,Greenwich,CT,6830,2035551919,53,Dayton,Prince,Agent,PT,6/26/22,daytonprince@dreamhomesnyc.com,2035550053,1053,6/26/22,6/26/24,CT,146,Ethan,Lee,,,5552460146,ethan.lee146@email.com,Individual,1037,CT,Greenwich,6830,3,Apartment,1,1,4,Elevator,152,6830,,762,Putnam Ave,Greenwich,CT,Fairfield,3,Apartment,152,8184,Closed,38,5/9/26,12:00,late showing,Scheduled,,,,,,,,,,6830,Greenwich Ave,9,Greenwich High,10 Hillside Rd,Greenwich,CT,Fairfield,6830,9,train
39,10,New Haven Office,275 Chapel St,New Haven,CT,6510,2035552020,59,Sergio,Harrison,Agent,PT,12/11/21,sergioharrison@dreamhomesnyc.com,2035550059,1059,12/11/21,12/11/23,CT,134,Tara,Hall,,,5552340134,tara.hall134@email.com,Individual,1038,CT,New Haven,6510,4,Townhouse,2,2,5,Doorman,172,6510,,499,Chapel St,New Haven,CT,New Haven,2,House,172,489613,Pending,39,5/10/26,17:15,price sensitive,completed,,,,,,,,,,6510,Downtown New Haven,10,Hillhouse HS,480 Sherman Pkwy,New Haven,CT,New Haven,6510,10,train
40,2,Jersey City Office,90 Hudson St,Jersey City,NJ,7302,2015551212,9,Kamari,Leblanc,Agent,FT,10/19/20,kamarileblanc@dreamhomesnyc.com,2015550009,1009,10/19/20,10/19/22,NJ,62,Mark,Hall,,,5551620062,mark.hall62@email.com,Individual,1039,NJ,Jersey City,7302,3,Apartment,2,2,5,Doorman,20,7302,28B,937,Grove St,Jersey City,NJ,Hudson,3,Apartment,20,2679,Active,40,4/1/26,13:30,virtual tour,Canceled,40,2678.3,163.2,4/10/26,rental,owner,,,,7302,Downtown JC,2,PS 16,96 Sussex St,Jersey City,NJ,Hudson,7302,2,train
41,2,Jersey City Office,90 Hudson St,Jersey City,NJ,7302,2015551212,11,Nayeli,Robertson,Agent,PT,12/23/22,nayelirobertson@dreamhomesnyc.com,2015550011,1011,12/23/22,12/23/24,NJ,164,Tara,Ross,,,5552640164,tara.ross164@email.com,Individual,1040,NJ,Jersey City,7302,1,Condo,2,2,3,Parking,24,7302,38B,128,Grand St,Jersey City,NJ,Hudson,1,Condo,24,1325550,Closed,41,4/2/26,15:00,virtual tour,Canceled,,,,,,,41,4/11/26,12:00,7302,Downtown JC,2,PS 16,96 Sussex St,Jersey City,NJ,Hudson,7302,2,train
42,6,Brooklyn Heights Office,200 Montague Street,Brooklyn,NY,11201,7185551616,33,Charlie,Colon,Agent,FT,10/13/23,charliecolon@dreamhomesnyc.com,7185550033,1033,10/13/23,10/13/25,NY,141,Zoe,Foster,,,5552410141,zoe.foster141@email.com,Individual,1041,NY,Hoboken,6901,1,Condo,4,2,,,91,11201,15A,979,Montague St,Brooklyn,NY,Kings,1,Condo,91,1229849,Active,42,4/3/26,13:30,family interested in schools,Canceled,42,1201934.29,35396.6,4/12/26,sale,buyer,,,,11201,Brooklyn Heights,6,Brooklyn Heights Prep,50 Court St,Brooklyn,NY,Kings,11201,6,ferry
43,10,New Haven Office,275 Chapel St,New Haven,CT,6510,(203) 555-2020,59,Sergio,Harrison,Agent,PT,12/11/21,sergioharrison@dreamhomesnyc.com,203-555-0059,1059,12/11/21,12/11/23,CT,130,Ivy,Lopez,,,5552300130,ivy.lopez130@email.com,Individual,1042,CT,New Haven,6510,3,Apartment,2,3,2,Pool,169,6510,,858,Orange St,New Haven,CT,New Haven,3,Apartment,169,3894,Active,43,4/4/26,10:30,price sensitive,Scheduled,,,,,,,,,,6510,Downtown New Haven,10,Hillhouse HS,480 Sherman Pkwy,New Haven,CT,New Haven,6510,10,train
44,6,Brooklyn Heights Office,200 Montague St,Brooklyn,NY,11201,7185551616,36,Ira,Pitts,Transaction Coordinator,FT,1/19/19,irapitts@dreamhomesnyc.com,7185550036,,,,,196,Miles,Ng,,,5552960196,miles.ng196@email.com,Individual,1043,NY,Brooklyn,11201,4,Townhouse,1,1,3,Parking,108,11201,,920,Joralemon St,Brooklyn,NY,Kings,4,Townhouse,108,1371150,Active,,,,,,,,,,,,,,,11201,Brooklyn Heights,6,Brooklyn Heights Prep,50 Court St,Brooklyn,NY,Kings,11201,6,bus
45,3,Montclair Office,18 Bloomfield Ave,Montclair,NJ,7042,9735551313,17,Charley,Houston,Agent,PT,6/8/21,charleyhouston@dreamhomesnyc.com,9735550017,1017,6/8/21,6/8/23,NJ,183,Lina,Morris,,,5552830183,lina.morris183@email.com,Individual,1044,NJ,Montclair,7042,1,Condo,4,2,5,Doorman,52,7042,11B,655,Valley Rd,Montclair,NJ,Essex,1,Condo,52,697736,Active,45,4/6/26,17:15,commuting buyer,completed,45,709079.16,20252.92,3/1/26,sale,buyer,45,4/15/26,12:00,7042,Upper Montclair,3,Montclair High,100 Chestnut St,Montclair,NJ,Essex,7042,3,train
46,3,MONTCLAIR OFFICE,18 Bloomfield Ave,Montclair,NJ,7042,9735551313,17,Charley,Houston,Agent,PT,6/8/21,charleyhouston@dreamhomesnyc.com,9735550017,1017,6/8/21,6/8/23,NJ,42,Nina,Ward,,,5551420042,nina.ward42@email.com,Individual,1045,CT,Montclair,10001,1,Condo,3,1,6,Laundry,52,7042,11B,655,Valley Rd,Montclair,NJ,Essex,1,Condo,52,697736,Active,46,4/7/26,10:30,commuting buyer,completed,,,,,,,,,,7042,Upper Montclair,3,Montclair High,100 Chestnut St,Montclair,NJ,Essex,7042,3,train
47,6,Brooklyn Heights Office,200 Montague St,Brooklyn,NY,11201,7185551616,34,Bruce,Richardson,Agent,FT,11/15/24,brucerichardson@dreamhomesnyc.com,7185550034,1034,11/15/24,11/15/26,NY,176,,,Acme Holdings,97-1000176,5552760176,deals176@acmeholdings,Corporation,1046,NY,Brooklyn,11201,4,Townhouse,3,2,6,Laundry,98,11201,,926,Court St,Brooklyn,NY,Kings,4,Townhouse,98,979353,Pending,47,4/8/26,15:00,family interested in schools,completed,47,936230.45,25858.63,3/3/26,sale,buyer,,,,11201,Brooklyn Heights,6,Brooklyn Heights Prep,50 Court St,Brooklyn,NY,Kings,11201,6,subway
48,1,Hoboken Office,123 River Street,Hoboken,NJ,7030,2015551111,3,Hana,Mora,Agent,FT,4/7/21,hanamora@dreamhomesnyc.com,2015550003,1003,4/7/21,4/7/23,NJ,143,,,Atlas Property Group,64-1000143,5552430143,deals143@atlaspropertygroup.com,Corporation,1047,NJ,Hoboken,7030,4,Townhouse,4,1,,,11,7030,,931,Washington St,Hoboken,NJ,Hudson,4,Townhouse,11,885612,Pending,,,,repeat row,,,,,,,,,,,7030,Hoboken,1,Hoboken High,800 Clinton St,Hoboken,NJ,Hudson,7030,1,subway
49,2,Jersey City Office,90 Hudson Street,Jersey City,NJ,7302,2015551212,9,Kamari,Leblanc,Agent,FT,10/19/20,kamarileblanc@dreamhomesnyc.com,2015550009,1009,10/19/20,10/19/22,NJ,135,Leah,Morris,,,5552350135,leah.morris135@email.com,Individual,1048,NJ,Jersey City,7302,5,Co-op,2,3,2,Pool,19,7302,9B,316,Marin Blvd,Jersey City,NJ,Hudson,5,Co-op,19,1478480,Pending,49,4/10/26,12:00,late showing,Canceled,49,1489921.97,39451.26,3/5/26,sale,buyer,49,4/19/26,13:00,7302,Downtown JC,2,PS 16,96 Sussex St,Jersey City,NJ,Hudson,7302,2,train
50,10,New Haven Office,275 Chapel St,new haven,CT,6510,2035552020,58,Chloe,Zimmerman,Agent,FT,11/9/20,chloezimmerman@dreamhomesnyc.com,2035550058,1058,11/9/20,11/9/22,CT,160,Ivy,Bailey,,,5552600160,ivy.bailey160@email.com,Individual,1049,CT,NEW HAVEN,10601,1,Condo,2,2,,,165,6510,,804,Chapel St,New Haven,CT,New Haven,1,Condo,165,412241,Active,50,4/11/26,15:00,virtual tour,scheduled,50,428659.8,15255.22,3/6/26,rental,owner,,,,6510,Downtown New Haven,10,Hillhouse HS,480 Sherman Pkwy,New Haven,CT,New Haven,6510,10,bus
51,9,Greenwich Office,40 Field Point Rd,greenwich,CT,6830,2035551919,53,Dayton,Prince,Agent,PT,6/26/22,daytonprince@dreamhomesnyc.com,2035550053,1053,6/26/22,6/26/24,CT,172,Leo,Ng,,,5552720172,leo.ng172@email.com,Individual,1050,CT,GREENWICH,7302,3,Apartment,4,2,2,Pool,161,6830,25B,720,Greenwich Ave,Greenwich,CT,Fairfield,3,Apartment,161,4966,Active,51,4/12/26,17:15,late showing,Scheduled,51,4744.65,325.87,3/7/26,rental,owner,,,,6830,Greenwich Ave,9,Greenwich High,10 Hillside Rd,Greenwich,CT,Fairfield,6830,9,train
52,6,Brooklyn Heights Office,200 Montague St,Brooklyn,NY,11201,7185551616,33,Charlie,Colon,Agent,FT,10/13/23,charliecolon@dreamhomesnyc.com,7185550033,1033,10/13/23,10/13/25,NY,104,Tara,Chen,,,5552040104,tara.chen104@email.com,Individual,1051,NY,Brooklyn,6830,4,Townhouse,4,3,,,100,11201,22A,382,Joralemon St,Brooklyn,NY,Kings,4,Townhouse,100,560998,Closed,52,4/13/26,15:00,follow-up,Canceled,,,,,,,,,,11201,Brooklyn Heights,6,Brooklyn Heights Prep,50 Court St,Brooklyn,NY,Kings,11201,6,subway
53,7,White Plains Office,10 Main St,White Plains,NY,10601,9145551717,39,Zariyah,Gould,Agent,FT,4/25/22,zariyahgould@dreamhomesnyc.com,9145550039,1039,4/25/22,4/25/24,NY,170,,,Metro Holdings,91-1000170,5552700170,deals170@metroholdings,Corporation,1052,NY,White Plains,10601,5,Co-op,2,1,,,113,10601,4A,706,Main St,White Plains,NY,Westchester,5,Co-op,113,708727,Active,53,4/14/26,12:00,First showing,completed,,,,,,,,,,10601,Downtown White Plains,7,White Plains HS,550 North St,White Plains,NY,Westchester,10601,7,ferry
54,9,Greenwich Office,40 Field Point Rd,Greenwich,CT,6830,2035551919,51,Jakob,Calhoun,Agent,FT,4/22/20,jakobcalhoun@dreamhomesnyc.com,2035550051,1051,4/22/20,4/22/22,CT,138,Caleb,Ward,,,5552380138,caleb.ward138@email.com,Individual,1053,CT,Greenwich,6830,3,Apartment,1,2,2,Pool,147,6830,,374,Putnam Ave,Greenwich,CT,Fairfield,2,House,147,1546849,Pending,54,4/15/26,12:00,family interested in schools,Scheduled,54,1565363.86,45226.31,3/10/26,sale,seller,,,,6830,Greenwich Ave,9,Greenwich High,10 Hillside Rd,Greenwich,CT,Fairfield,6830,9,bus
55,10,New Haven Office,275 Chapel St,New Haven,CT,6510,(203) 555-2020,57,Shepherd,Clark,Agent,FT,10/7/19,shepherdclark@dreamhomesnyc.com,203-555-0057,1057,10/7/19,10/7/21,CT,26,Ethan,Lee,,,5551260026,ethan.lee26@email.com,Individual,1054,CT,New Haven,11201,2,House,4,1,3,Parking,172,6510,,499,Chapel St,New Haven,CT,New Haven,2,House,172,489613,Pending,55,4/16/26,12:00,investor inquiry,completed,55,492886.65,34217.91,3/11/26,rental,renter,,,,6510,Downtown New Haven,10,Hillhouse HS,480 Sherman Pkwy,New Haven,CT,New Haven,6510,10,train
56,4,Princeton Office,55 Nassau St,Princeton,NJ,8542,6095551414,20,Harlem,Good,Senior Agent,FT,9/14/24,harlemgood@dreamhomesnyc.com,6095550020,1020,9/14/24,9/14/26,NJ,165,,,North Elm Partners,86-1000165,5552650165,deals165@northelmpartners.com,Corporation,1055,NJ,Montclair,11201,4,Townhouse,2,2,6,Laundry,57,8542,,46,Mercer St,Princeton,NJ,Mercer,5,Co-op,57,1710104,Pending,56,4/17/26,12:00,price sensitive,completed,56,1720397.14,46794.19,3/12/26,sale,buyer,,,,8542,Princeton Center,4,Princeton High,151 Moore St,Princeton,NJ,Mercer,8542,4,bus
57,9,GREENWICH OFFICE,40 Field Point Rd,Greenwich,CT,6830,2035551919,51,Jakob,Calhoun,Agent,FT,4/22/20,jakobcalhoun@dreamhomesnyc.com,2035550051,1051,4/22/20,4/22/22,CT,197,Ruby,Garcia,,,5552970197,ruby.garcia197@email.com,Individual,1056,CT,Greenwich,6830,5,Co-op,2,1,6,Laundry,149,6830,12A,36,Greenwich Ave,Greenwich,CT,Fairfield,1,Condo,149,3085670,Pending,,,,,,57,3039696.87,70457.61,3/13/26,sale,seller,,,,6830,Greenwich Ave,9,Greenwich High,10 Hillside Rd,Greenwich,CT,Fairfield,6830,9,bus
58,8,Stamford Office,300 Atlantic St,Stamford,CT,6901,2035551818,45,Leia,Summers,Agent,FT,10/10/21,leiasummers@dreamhomesnyc.com,2035550045,1045,10/10/21,10/10/23,CT,41,Ryan,Cooper,,,5551410041,ryan.cooper41@email.com,Individual,1057,CT,Montclair,6901,1,Condo,1,2,6,Laundry,132,6901,,78,Atlantic St,Stamford,CT,Fairfield,2,House,132,1420571,Active,58,4/19/26,12:00,commuting buyer,scheduled,,,,,,,,,,6901,Downtown Stamford,8,Stamford HS,55 Strawberry Hill Ave,Stamford,CT,Fairfield,6901,8,bus
59,2,Jersey City Office,90 Hudson St,Jersey City,NJ,7302,2015551212,9,Kamari,Leblanc,Agent,FT,10/19/20,kamarileblanc@dreamhomesnyc.com,2015550009,1009,10/19/20,10/19/22,NJ,134,Tara,Hall,,,5552340134,tara.hall134@email.com,Individual,1058,NJ,Jersey City,6510,4,Townhouse,1,2,,,27,7302,,462,Grand St,Jersey City,NJ,Hudson,4,Townhouse,27,877934,Pending,59,4/20/26,12:00,commuting buyer,Completed,,,,,,,,,,7302,Downtown JC,2,PS 16,96 Sussex St,Jersey City,NJ,Hudson,7302,2,ferry
60,7,White Plains Office,10 Main St,White Plains,NY,10601,(914) 555-1717,41,Gwendolyn,Bridges,Agent,PT,6/2/24,gwendolynbridges@dreamhomesnyc.com,914-555-0041,1041,6/2/24,6/2/26,NY,2,Mark,Lee,,,5551020002,mark.lee2@email.com,Individual,1059,NY,White Plains,10601,3,Apartment,4,2,6,Laundry,125,10601,,986,Hamilton Ave,White Plains,NY,Westchester,3,Apartment,125,8220,Active,,,,,,,,,,,,,,,10601,Downtown White Plains,7,White Plains HS,550 North St,White Plains,NY,Westchester,10601,7,train
61,7,White Plains Office,10 Main St,White Plains,NY,10601,9145551717,41,Gwendolyn,Bridges,Agent,PT,6/2/24,gwendolynbridges@dreamhomesnyc.com,9145550041,1041,6/2/24,6/2/26,NY,123,Lina,Patel,,,5552230123,lina.patel123@email.com,Individual,1060,NY,White Plains,7030,5,Co-op,1,3,,,124,10601,,886,Main St,White Plains,NY,Westchester,5,Co-op,124,1000646,Active,61,4/22/26,10:30,investor inquiry,Completed,,,,,,,,,,10601,Downtown White Plains,7,White Plains HS,550 North St,White Plains,NY,Westchester,10601,7,bus
62,10,New Haven Office,275 Chapel Street,New Haven,CT,6510,2035552020,55,Jason,Meadows,Manager,FT,8/3/24,jasonmeadows@dreamhomesnyc.com,2035550055,,,,,56,Ethan,Chen,,,5551560056,ethan.chen56@email.com,Individual,1061,CT,Stamford,6510,5,Co-op,1,3,3,Parking,170,6510,11B,715,Chapel St,New Haven,CT,New Haven,2,House,170,1005993,Active,62,4/23/26,17:15,late showing,scheduled,,,,,,,62,5/2/26,14:00,6510,Downtown New Haven,10,Hillhouse HS,480 Sherman Pkwy,New Haven,CT,New Haven,6510,10,train
63,2,Jersey City Office,90 Hudson St,Jersey City,NJ,7302,2015551212,8,Adler,Krueger,Senior Agent,FT,9/17/19,adlerkrueger@dreamhomesnyc.com,2015550008,1008,9/17/19,9/17/21,NJ,134,Tara,Hall,,,5552340134,tara.hall134@email.com,Individual,1062,CT,Montclair,7042,2,House,3,3,,,28,7302,,35,Grove St,Jersey City,NJ,Hudson,2,House,28,1591014,Active,63,4/24/26,17:15,price sensitive,completed,,,,,,,,,,7302,Downtown JC,2,PS 16,96 Sussex St,Jersey City,NJ,Hudson,7302,2,ferry
64,6,Brooklyn Heights Office,200 Montague St,Brooklyn,NY,11201,7185551616,36,Ira,Pitts,Transaction Coordinator,FT,1/19/19,irapitts@dreamhomesnyc.com,7185550036,,,,,136,,,Acme Holdings,57-1000136,5552360136,deals136@acmeholdings,Corporation,1063,NY,Stamford,10601,4,Townhouse,4,3,,,95,11201,,904,Court St,Brooklyn,NY,Kings,4,Townhouse,95,561682,Pending,,,,,,64,558225.58,14836.51,3/20/26,sale,seller,,,,11201,Brooklyn Heights,6,Brooklyn Heights Prep,50 Court St,Brooklyn,NY,Kings,11201,6,ferry
65,8,Stamford Office,300 Atlantic Street,Stamford,CT,6901,2035551818,47,Jaylah,Hodges,Agent,PT,12/14/23,jaylahhodges@dreamhomesnyc.com,2035550047,1047,12/14/23,12/14/25,CT,168,Caleb,Doe,,,5552680168,caleb.doe168@email.com,Individual,1064,CT,White Plains,6901,4,Townhouse,4,3,3,Parking,134,6901,,579,Summer St,Stamford,CT,Fairfield,4,Townhouse,134,812932,Active,65,4/26/26,17:15,commuting buyer,Completed,,,,,,,,,,6901,Downtown Stamford,8,Stamford HS,55 Strawberry Hill Ave,Stamford,CT,Fairfield,6901,8,bus
66,6,Brooklyn Heights Office,200 Montague St,Brooklyn,NY,11201,7185551616,33,Charlie,Colon,Agent,FT,10/13/23,charliecolon@dreamhomesnyc.com,7185550033,1033,10/13/23,10/13/25,NY,124,Chris,Ng,,,5552240124,chris.ng124@email.com,Individual,1065,NY,Brooklyn,11201,2,House,4,1,2,Pool,95,11201,,904,Court St,Brooklyn,NY,Kings,4,Townhouse,95,561682,Pending,66,4/27/26,15:00,commuting buyer,canceled,,,,,,,,,,11201,Brooklyn Heights,6,Brooklyn Heights Prep,50 Court St,Brooklyn,NY,Kings,11201,6,ferry
67,6,Brooklyn Heights Office,200 Montague St,brooklyn,NY,11201,7185551616,31,Daphne,Rubio,Manager,FT,8/9/21,daphnerubio@dreamhomesnyc.com,7185550031,,,,,24,Jason,Doe,,,5551240024,jason.doe24@email.com,Individual,1066,NY,WHITE PLAINS,11201,4,Townhouse,2,1,4,Elevator,100,11201,22A,382,Joralemon St,Brooklyn,NY,Kings,4,Townhouse,100,560998,Closed,67,4/28/26,15:00,investor inquiry,completed,67,576347.38,19964.62,3/23/26,rental,renter,,,,11201,Brooklyn Heights,6,Brooklyn Heights Prep,50 Court St,Brooklyn,NY,Kings,11201,6,subway
68,3,Montclair Office,18 Bloomfield Ave,Montclair,NJ,7042,9735551313,17,Charley,Houston,Agent,PT,6/8/21,charleyhouston@dreamhomesnyc.com,9735550017,1017,6/8/21,6/8/23,NJ,154,,,Metro Holdings,75-1000154,5552540154,deals154@metroholdings,Corporation,1067,NJ,New Haven,7042,4,Townhouse,1,1,4,Elevator,50,7042,,720,Park St,Montclair,NJ,Essex,4,Townhouse,50,638479,Closed,68,4/29/26,13:30,commuting buyer,completed,68,601053.27,16695.56,3/24/26,sale,buyer,,,,7042,Upper Montclair,3,Montclair High,100 Chestnut St,Montclair,NJ,Essex,7042,3,ferry
69,5,Chelsea Office,456 8th Ave,New York,NY,10001,2125551515,27,Alani,Stone,Agent,FT,4/1/24,alanistone@dreamhomesnyc.com,2125550027,1027,4/1/24,4/1/26,NY,58,Dylan,Lopez,,,5551580058,dylan.lopez58@email.com,Individual,1068,NY,New York,6510,4,Townhouse,1,2,,,89,10001,,635,W 26th St,New York,NY,New York,4,Townhouse,89,1970394,Closed,,,,,,,,,,,,,,,10001,Chelsea,5,PS 33,281 9th Ave,New York,NY,New York,10001,5,ferry
70,10,New Haven Office,275 Chapel St,New Haven,CT,6510,(203) 555-2020,57,Shepherd,Clark,Agent,FT,10/7/19,shepherdclark@dreamhomesnyc.com,203-555-0057,1057,10/7/19,10/7/21,CT,97,Sophia,Roe,,,5551970097,sophia.roe97@email.com,Individual,1069,CT,Brooklyn,6901,3,Apartment,3,1,,,178,6510,24A,725,Orange St,New Haven,CT,New Haven,3,Apartment,178,8399,Active,,,,,,,,,,,,,,,6510,Downtown New Haven,10,Hillhouse HS,480 Sherman Pkwy,New Haven,CT,New Haven,6510,10,train
71,6,Brooklyn Heights Office,200 Montague St,BROOKLYN,NY,11201,7185551616,34,Bruce,Richardson,Agent,FT,11/15/24,brucerichardson@dreamhomesnyc.com,7185550034,1034,11/15/24,11/15/26,NY,3,Lina,Patel,,,5551030003,lina.patel3@email.com,Individual,1070,NY,BROOKLYN,11201,1,Condo,2,1,2,Pool,91,11201,15A,979,Montague St,Brooklyn,NY,Kings,1,Condo,91,1229849,Active,,,,,,71,1260891.16,34829.98,3/27/26,sale,buyer,,,,11201,Brooklyn Heights,6,Brooklyn Heights Prep,50 Court St,Brooklyn,NY,Kings,11201,6,ferry
72,4,Princeton Office,55 Nassau St,Princeton,NJ,8542,6095551414,20,Harlem,Good,Senior Agent,FT,9/14/24,harlemgood@dreamhomesnyc.com,6095550020,1020,9/14/24,9/14/26,NJ,52,Leo,Ng,,,5551520052,leo.ng52@email.com,Individual,1071,CT,Princeton,7302,4,Townhouse,3,1,4,Elevator,68,8542,7A,859,Mercer St,Princeton,NJ,Mercer,1,Condo,68,2049864,Closed,72,5/3/26,12:00,virtual tour,completed,,,,,,,,,,8542,Princeton Center,4,Princeton High,151 Moore St,Princeton,NJ,Mercer,8542,4,subway
73,6,Brooklyn Heights Office,200 Montague St,Brooklyn,NY,11201,7185551616,32,Titan,Griffin,Senior Agent,FT,9/11/22,titangriffin@dreamhomesnyc.com,7185550032,1032,9/11/22,9/11/24,NY,148,Dylan,Ng,,,5552480148,dylan.ng148@email.com,Individual,1072,NY,Brooklyn,11201,1,Condo,3,2,1,Gym,102,11201,17B,406,Joralemon St,Brooklyn,NY,Kings,5,Co-op,102,677189,Closed,73,5/4/26,13:30,late showing,Scheduled,73,649402.39,17441.36,3/29/26,sale,seller,,,,11201,Brooklyn Heights,6,Brooklyn Heights Prep,50 Court St,Brooklyn,NY,Kings,11201,6,ferry
74,3,MONTCLAIR OFFICE,18 Bloomfield Ave,Montclair,NJ,7042,9735551313,17,Charley,Houston,Agent,PT,6/8/21,charleyhouston@dreamhomesnyc.com,9735550017,1017,6/8/21,6/8/23,NJ,61,Jane,Reed,,,5551610061,jane.reed61@email.com,Individual,1073,NJ,Brooklyn,7042,3,Apartment,1,2,3,Parking,48,7042,16A,522,Valley Rd,Montclair,NJ,Essex,3,Apartment,48,4807,Active,74,5/5/26,15:00,price sensitive,completed,,,,,,,,,,7042,Upper Montclair,3,Montclair High,100 Chestnut St,Montclair,NJ,Essex,7042,3,train
75,8,Stamford Office,300 Atlantic Street,Stamford,CT,6901,2035551818,44,August,Walsh,Senior Agent,FT,9/8/20,augustwalsh@dreamhomesnyc.com,2035550044,1044,9/8/20,9/8/22,CT,98,Mia,Lee,,,5551980098,mia.lee98@email.com,Individual,1074,CT,Montclair,6901,3,Apartment,2,2,5,Doorman,143,6901,24B,283,Summer St,Stamford,CT,Fairfield,3,Apartment,143,5706,Active,75,5/6/26,13:30,investor inquiry,Canceled,,,,,,,,,,6901,Downtown Stamford,8,Stamford HS,55 Strawberry Hill Ave,Stamford,CT,Fairfield,6901,8,bus
76,10,New Haven Office,275 Chapel St,new haven,CT,6510,2035552020,56,Pearl,Roberson,Senior Agent,FT,9/5/18,pearlroberson@dreamhomesnyc.com,2035550056,1056,9/5/18,9/5/20,CT,56,Ethan,Chen,,,5551560056,ethan.chen56@email.com,Individual,1075,NY,JERSEY CITY,6510,5,Co-op,2,2,1,Gym,177,6510,14A,795,Orange St,New Haven,CT,New Haven,5,Co-op,177,964923,Pending,76,5/7/26,12:00,family interested in schools,completed,,,,,,,,,,6510,Downtown New Haven,10,Hillhouse HS,480 Sherman Pkwy,New Haven,CT,New Haven,6510,10,train
77,6,Brooklyn Heights Office,200 Montague St,Brooklyn,NY,11201,7185551616,34,Bruce,Richardson,Agent,FT,11/15/24,brucerichardson@dreamhomesnyc.com,7185550034,1034,11/15/24,11/15/26,NY,131,Ryan,Scott,,,5552310131,ryan.scott131@email.com,Individual,1076,NY,Jersey City,11201,1,Condo,4,1,,,91,11201,15A,979,Montague St,Brooklyn,NY,Kings,1,Condo,91,1229849,Active,77,5/8/26,15:00,commuting buyer,Scheduled,77,1210617.3,51138.31,4/2/26,rental,renter,,,,11201,Brooklyn Heights,6,Brooklyn Heights Prep,50 Court St,Brooklyn,NY,Kings,11201,6,ferry
78,4,Princeton Office,55 Nassau St,Princeton,NJ,8542,6095551414,21,Nathalia,Pitts,Agent,FT,10/16/18,nathaliapitts@dreamhomesnyc.com,6095550021,1021,10/16/18,10/16/20,NJ,192,Nina,Doe,,,5552920192,nina.doe192@email.com,Individual,1077,NJ,White Plains,8542,2,House,4,1,,,70,8542,,535,Mercer St,Princeton,NJ,Mercer,3,Apartment,70,5890,Active,78,5/9/26,13:30,follow-up,Scheduled,78,6113.05,337.22,4/3/26,rental,owner,,,,8542,Princeton Center,4,Princeton High,151 Moore St,Princeton,NJ,Mercer,8542,4,subway
79,2,Jersey City Office,90 Hudson St,Jersey City,NJ,7302,(201) 555-1212,9,Kamari,Leblanc,Agent,FT,10/19/20,kamarileblanc@dreamhomesnyc.com,201-555-0009,1009,10/19/20,10/19/22,NJ,40,Ivy,Bailey,,,5551400040,ivy.bailey40@email.com,Individual,1078,NJ,White Plains,7302,4,Townhouse,2,2,1,Gym,27,7302,,462,Grand St,Jersey City,NJ,Hudson,4,Townhouse,27,877934,Pending,79,5/10/26,12:00,late showing,scheduled,,,,,,,,,,7302,Downtown JC,2,PS 16,96 Sussex St,Jersey City,NJ,Hudson,7302,2,ferry
80,2,Jersey City Office,90 Hudson Street,Jersey City,NJ,7302,2015551212,12,Emiliano,Durham,Transaction Coordinator,FT,1/25/23,emilianodurham@dreamhomesnyc.com,2015550012,,,,,139,Ava,Bell,,,5552390139,ava.bell139@email.com,Individual,1079,NJ,Jersey City,6510,1,Condo,4,3,,,35,7302,2A,809,Marin Blvd,Jersey City,NJ,Hudson,1,Condo,35,1351517,Pending,80,4/1/26,12:00,late showing,scheduled,80,1307351.54,29416.32,4/5/26,sale,buyer,,,,7302,Downtown JC,2,PS 16,96 Sussex St,Jersey City,NJ,Hudson,7302,2,subway
81,10,New Haven Office,275 Chapel St,New Haven,CT,6510,2035552020,58,Chloe,Zimmerman,Agent,FT,11/9/20,chloezimmerman@dreamhomesnyc.com,2035550058,1058,11/9/20,11/9/22,CT,77,,,North Elm Partners,87-1000077,5551770077,deals77@northelmpartners.com,Corporation,1080,CT,New Haven,6510,5,Co-op,1,3,4,Elevator,177,6510,14A,795,Orange St,New Haven,CT,New Haven,5,Co-op,177,964923,Pending,81,4/2/26,17:15,commuting buyer,scheduled,81,913906.44,24849.05,4/6/26,sale,seller,,,,6510,Downtown New Haven,10,Hillhouse HS,480 Sherman Pkwy,New Haven,CT,New Haven,6510,10,train
82,6,Brooklyn Heights Office,200 Montague Street,Brooklyn,NY,11201,7185551616,33,Charlie,Colon,Agent,FT,10/13/23,charliecolon@dreamhomesnyc.com,7185550033,1033,10/13/23,10/13/25,NY,18,Caleb,Ward,,,5551180018,caleb.ward18@email.com,Individual,1081,NY,Brooklyn,6510,3,Apartment,4,3,5,Doorman,106,11201,,967,Joralemon St,Brooklyn,NY,Kings,3,Apartment,106,6717,Pending,82,4/3/26,9:00,investor inquiry,Canceled,82,6675.63,169.9,4/7/26,rental,owner,,,,11201,Brooklyn Heights,6,Brooklyn Heights Prep,50 Court St,Brooklyn,NY,Kings,11201,6,bus
83,5,Chelsea Office,456 8th Ave,New York,NY,10001,2125551515,27,Alani,Stone,Agent,FT,4/1/24,alanistone@dreamhomesnyc.com,2125550027,1027,4/1/24,4/1/26,NY,128,Mia,Chen,,,5552280128,mia.chen128@email.com,Individual,1082,NY,Hoboken,10001,2,House,1,2,2,Pool,88,10001,24A,799,W 28th St,New York,NY,New York,5,Co-op,88,650182,Active,,,,repeat row,,83,633499.61,14313.68,4/8/26,sale,buyer,,,,10001,Chelsea,5,PS 33,281 9th Ave,New York,NY,New York,10001,5,bus
84,1,Hoboken Office,123 River St,hoboken,NJ,7030,2015551111,2,Bronson,McCullough,Senior Agent,FT,3/5/20,bronsonmccullough@dreamhomesnyc.com,2015550002,1002,3/5/20,3/5/22,NJ,189,Owen,Foster,,,5552890189,owen.foster189@email.com,Individual,1083,CT,PRINCETON,7030,2,House,2,2,5,Doorman,9,7030,,392,River St,Hoboken,NJ,Hudson,2,House,9,1278038,Closed,84,4/5/26,12:00,virtual tour,Canceled,84,1303441.26,37770.38,4/9/26,sale,buyer,,,,7030,Hoboken,1,Hoboken High,800 Clinton St,Hoboken,NJ,Hudson,7030,1,train
85,1,Hoboken Office,123 River St,Hoboken,NJ,7030,(201) 555-1111,3,Hana,Mora,Agent,FT,4/7/21,hanamora@dreamhomesnyc.com,201-555-0003,1003,4/7/21,4/7/23,NJ,71,Ryan,Price,,,5551710071,ryan.price71@email.com,Individual,1084,NJ,Hoboken,7030,5,Co-op,4,2,2,Pool,4,7030,7B,801,Hudson St,Hoboken,NJ,Hudson,2,House,4,1125435,Pending,85,4/6/26,9:00,late showing,Scheduled,85,1123197.34,31179.91,4/10/26,sale,buyer,85,4/20/26,12:00,7030,Hoboken,1,Hoboken High,800 Clinton St,Hoboken,NJ,Hudson,7030,1,bus
86,7,White Plains Office,10 Main Street,White Plains,NY,10601,9145551717,39,Zariyah,Gould,Agent,FT,4/25/22,zariyahgould@dreamhomesnyc.com,9145550039,1039,4/25/22,4/25/24,NY,6,Noah,Kim,,,5551060006,noah.kim6@email.com,Individual,1085,NY,White Plains,10601,4,Townhouse,4,2,5,Doorman,113,10601,4A,706,Main St,White Plains,NY,Westchester,5,Co-op,113,708727,Active,86,4/7/26,12:00,late showing,scheduled,86,719231.37,21115.59,4/11/26,sale,buyer,86,4/21/26,12:00,10601,Downtown White Plains,7,White Plains HS,550 North St,White Plains,NY,Westchester,10601,7,ferry
87,4,Princeton Office,55 Nassau St,Princeton,NJ,8542,6095551414,20,Harlem,Good,Senior Agent,FT,9/14/24,harlemgood@dreamhomesnyc.com,6095550020,1020,9/14/24,9/14/26,NJ,117,Bella,Foster,,,5552170117,bella.foster117@email.com,Individual,1086,NJ,Princeton,8542,1,Condo,1,3,,,68,8542,7A,859,Mercer St,Princeton,NJ,Mercer,1,Condo,68,2049864,Closed,87,4/8/26,15:00,commuting buyer,Completed,,,,,,,,,,8542,Princeton Center,4,Princeton High,151 Moore St,Princeton,NJ,Mercer,8542,4,subway
88,9,Greenwich Office,40 Field Point Rd,Greenwich,CT,6830,(203) 555-1919,53,Dayton,Prince,Agent,PT,6/26/22,daytonprince@dreamhomesnyc.com,203-555-0053,1053,6/26/22,6/26/24,CT,105,Leah,Baker,,,5552050105,leah.baker105@email.com,Individual,1087,CT,Greenwich,6830,4,Townhouse,1,1,1,Gym,157,6830,,336,Greenwich Ave,Greenwich,CT,Fairfield,4,Townhouse,157,3064235,Active,88,4/9/26,17:15,commuting buyer,scheduled,,,,,,,,,,6830,Greenwich Ave,9,Greenwich High,10 Hillside Rd,Greenwich,CT,Fairfield,6830,9,train
89,6,Brooklyn Heights Office,200 Montague St,Brooklyn,NY,11201,7185551616,32,Titan,Griffin,Senior Agent,FT,9/11/22,titangriffin@dreamhomesnyc.com,7185550032,1032,9/11/22,9/11/24,NY,184,Chris,Bailey,,,5552840184,chris.bailey184@email.com,Individual,1088,NY,Princeton,7302,2,House,4,1,,,94,11201,,308,Court St,Brooklyn,NY,Kings,2,House,94,1517826,Active,89,4/10/26,17:15,First showing,completed,89,1432309.84,32983.1,4/14/26,sale,seller,,,,11201,Brooklyn Heights,6,Brooklyn Heights Prep,50 Court St,Brooklyn,NY,Kings,11201,6,bus
90,2,Jersey City Office,90 Hudson St,Jersey City,NJ,7302,2015551212,10,Braden,Cross,Agent,FT,11/21/21,bradencross@dreamhomesnyc.com,2015550010,1010,11/21/21,11/21/23,NJ,137,Ruby,Cooper,,,5552370137,ruby.cooper137@email.com,Individual,1089,NJ,Jersey City,6510,4,Townhouse,1,3,,,26,7302,,723,Grand St,Jersey City,NJ,Hudson,4,Townhouse,26,1397229,Active,90,4/11/26,17:15,virtual tour,scheduled,,,,,,,,,,7302,Downtown JC,2,PS 16,96 Sussex St,Jersey City,NJ,Hudson,7302,2,subway
91,8,Stamford Office,300 Atlantic St,Stamford,CT,6901,(203) 555-1818,46,Darius,Beasley,Agent,FT,11/12/22,dariusbeasley@dreamhomesnyc.com,203-555-0046,1046,11/12/22,11/12/24,CT,41,Ryan,Cooper,,,5551410041,ryan.cooper41@email.com,Individual,1090,CT,Stamford,11201,3,Apartment,2,2,3,Parking,130,6901,25B,922,Summer St,Stamford,CT,Fairfield,3,Apartment,130,4424,Closed,91,4/12/26,15:00,family interested in schools,scheduled,,,,,,,,,,6901,Downtown Stamford,8,Stamford HS,55 Strawberry Hill Ave,Stamford,CT,Fairfield,6901,8,train
92,7,White Plains Office,10 Main St,White Plains,NY,10601,9145551717,38,Abner,Booth,Senior Agent,FT,3/23/21,abnerbooth@dreamhomesnyc.com,9145550038,1038,3/23/21,3/23/23,NY,102,,,Pine Street Ventures,23-1000102,5552020102,deals102@pinestreetventures,Corporation,1091,NY,White Plains,10601,2,House,1,2,,,116,10601,,851,Main St,White Plains,NY,Westchester,2,House,116,933020,Closed,92,4/13/26,17:15,investor inquiry,completed,,,,,,,,,,10601,Downtown White Plains,7,White Plains HS,550 North St,White Plains,NY,Westchester,10601,7,train
93,2,Jersey City Office,90 Hudson St,Jersey City,NJ,7302,2015551212,10,Braden,Cross,Agent,FT,11/21/21,bradencross@dreamhomesnyc.com,2015550010,1010,11/21/21,11/21/23,NJ,92,Mark,Ross,,,5551920092,mark.ross92@email.com,Individual,1092,NJ,Jersey City,8542,1,Condo,2,1,,,25,7302,,735,Grand St,Jersey City,NJ,Hudson,1,Condo,25,1152248,Active,93,4/14/26,13:30,price sensitive,scheduled,,,,,,,,,,7302,Downtown JC,2,PS 16,96 Sussex St,Jersey City,NJ,Hudson,7302,2,subway
94,9,GREENWICH OFFICE,40 Field Point Rd,Greenwich,CT,6830,2035551919,53,Dayton,Prince,Agent,PT,6/26/22,daytonprince@dreamhomesnyc.com,2035550053,1053,6/26/22,6/26/24,CT,10,Ivy,Lopez,,,5551100010,ivy.lopez10@email.com,Individual,1093,CT,Greenwich,11201,2,House,2,2,6,Laundry,153,6830,,458,Mason St,Greenwich,CT,Fairfield,2,House,153,2481214,Active,94,4/15/26,15:00,First showing,scheduled,94,2449440.82,60978.52,3/5/26,sale,buyer,,,,6830,Greenwich Ave,9,Greenwich High,10 Hillside Rd,Greenwich,CT,Fairfield,6830,9,bus
95,10,New Haven Office,275 Chapel St,new haven,CT,6510,2035552020,56,Pearl,Roberson,Senior Agent,FT,9/5/18,pearlroberson@dreamhomesnyc.com,2035550056,1056,9/5/18,9/5/20,CT,101,Ryan,Garcia,,,5552010101,ryan.garcia101@email.com,Individual,1094,CT,NEW HAVEN,6510,1,Condo,2,1,1,Gym,173,6510,,553,State St,New Haven,CT,New Haven,1,Condo,173,440898,Closed,95,4/16/26,12:00,follow-up,scheduled,,,,,,,,,,6510,Downtown New Haven,10,Hillhouse HS,480 Sherman Pkwy,New Haven,CT,New Haven,6510,10,train
96,8,Stamford Office,300 Atlantic St,Stamford,CT,6901,2035551818,46,Darius,Beasley,Agent,FT,11/12/22,dariusbeasley@dreamhomesnyc.com,2035550046,1046,11/12/22,11/12/24,CT,102,,,Pine Street Ventures,23-1000102,5552020102,deals102@pinestreetventures,Corporation,1095,CT,Stamford,6830,1,Condo,1,2,,,144,6901,32B,729,Atlantic St,Stamford,CT,Fairfield,1,Condo,144,1497196,Closed,96,4/17/26,13:30,commuting buyer,Canceled,,,,,,,,,,6901,Downtown Stamford,8,Stamford HS,55 Strawberry Hill Ave,Stamford,CT,Fairfield,6901,8,bus
97,5,Chelsea Office,456 8th Ave,New York,NY,10001,2125551515,28,Finn,Woods,Agent,FT,5/3/18,finnwoods@dreamhomesnyc.com,2125550028,1028,5/3/18,5/3/20,NY,90,John,Ward,,,5551900090,john.ward90@email.com,Individual,1096,NY,Stamford,6901,5,Co-op,1,1,1,Gym,79,10001,5B,582,W 28th St,New York,NY,New York,5,Co-op,79,1316271,Active,97,4/18/26,9:00,family interested in schools,completed,,,,,,,,,,10001,Chelsea,5,PS 33,281 9th Ave,New York,NY,New York,10001,5,train
98,1,Hoboken Office,123 River Street,Hoboken,NJ,7030,2015551111,3,Hana,Mora,Agent,FT,4/7/21,hanamora@dreamhomesnyc.com,2015550003,1003,4/7/21,4/7/23,NJ,29,Sara,Garcia,,,5551290029,sara.garcia29@email.com,Individual,1097,NJ,Hoboken,7030,2,House,1,3,6,Laundry,4,7030,7B,801,Hudson St,Hoboken,NJ,Hudson,2,House,4,1125435,Pending,,,,repeat row,,,,,,,,,,,7030,Hoboken,1,Hoboken High,800 Clinton St,Hoboken,NJ,Hudson,7030,1,bus
99,4,Princeton Office,55 Nassau St,princeton,NJ,8542,6095551414,22,Trey,Kane,Agent,FT,11/18/19,treykane@dreamhomesnyc.com,6095550022,1022,11/18/19,11/18/21,NJ,73,Paul,Roe,,,5551730073,paul.roe73@email.com,Individual,1098,NJ,NEW YORK,8542,5,Co-op,1,1,6,Laundry,66,8542,,770,Mercer St,Princeton,NJ,Mercer,5,Co-op,66,1386657,Closed,99,4/20/26,9:00,First showing,Canceled,,,,,,,,,,8542,Princeton Center,4,Princeton High,151 Moore St,Princeton,NJ,Mercer,8542,4,train
100,5,Chelsea Office,456 8th Ave,New York,NY,10001,(212) 555-1515,27,Alani,Stone,Agent,FT,4/1/24,alanistone@dreamhomesnyc.com,212-555-0027,1027,4/1/24,4/1/26,NY,153,,,Blue Peak LLC,74-1000153,5552530153,deals153@bluepeakllc.com,Corporation,1099,NY,New York,10001,3,Apartment,4,1,4,Elevator,81,10001,,807,8th Ave,New York,NY,New York,3,Apartment,81,4696,Active,100,4/21/26,10:30,First showing,Canceled,,,,,,,,,,10001,Chelsea,5,PS 33,281 9th Ave,New York,NY,New York,10001,5,train
101,8,Stamford Office,300 Atlantic St,STAMFORD,CT,6901,2035551818,47,Jaylah,Hodges,Agent,PT,12/14/23,jaylahhodges@dreamhomesnyc.com,2035550047,1047,12/14/23,12/14/25,CT,16,Miles,Bailey,,,5551160016,miles.bailey16@email.com,Individual,1100,CT,HOBOKEN,10001,3,Apartment,2,2,6,Laundry,129,6901,,846,Atlantic St,Stamford,CT,Fairfield,3,Apartment,129,5949,Active,101,4/22/26,17:15,family interested in schools,scheduled,101,5742.42,450.09,3/12/26,rental,renter,,,,6901,Downtown Stamford,8,Stamford HS,55 Strawberry Hill Ave,Stamford,CT,Fairfield,6901,8,train
102,9,Greenwich Office,40 Field Point Rd,Greenwich,CT,6830,2035551919,51,Jakob,Calhoun,Agent,FT,4/22/20,jakobcalhoun@dreamhomesnyc.com,2035550051,1051,4/22/20,4/22/22,CT,52,Leo,Ng,,,5551520052,leo.ng52@email.com,Individual,1101,NY,Greenwich,10601,2,House,4,3,6,Laundry,149,6830,12A,36,Greenwich Ave,Greenwich,CT,Fairfield,1,Condo,149,3085670,Pending,102,4/23/26,12:00,price sensitive,Scheduled,,,,,,,,,,6830,Greenwich Ave,9,Greenwich High,10 Hillside Rd,Greenwich,CT,Fairfield,6830,9,bus
103,5,Chelsea Office,456 8th Ave,New York,NY,10001,(212) 555-1515,27,Alani,Stone,Agent,FT,4/1/24,alanistone@dreamhomesnyc.com,212-555-0027,1027,4/1/24,4/1/26,NY,164,Tara,Ross,,,5552640164,tara.ross164@email.com,Individual,1102,NY,New York,10001,1,Condo,1,3,5,Doorman,78,10001,20A,235,W 26th St,New York,NY,New York,1,Condo,78,1217229,Active,103,4/24/26,17:15,First showing,Canceled,103,1229625.7,28903.15,3/14/26,sale,seller,,,,10001,Chelsea,5,PS 33,281 9th Ave,New York,NY,New York,10001,5,subway
104,6,Brooklyn Heights Office,200 Montague Street,Brooklyn,NY,11201,7185551616,33,Charlie,Colon,Agent,FT,10/13/23,charliecolon@dreamhomesnyc.com,7185550033,1033,10/13/23,10/13/25,NY,36,Noah,Flores,,,5551360036,noah.flores36@email.com,Individual,1103,NY,Brooklyn,11201,3,Apartment,2,1,1,Gym,100,11201,22A,382,Joralemon St,Brooklyn,NY,Kings,4,Townhouse,100,560998,Closed,104,4/25/26,13:30,virtual tour,Canceled,,,,,,,,,,11201,Brooklyn Heights,6,Brooklyn Heights Prep,50 Court St,Brooklyn,NY,Kings,11201,6,subway
105,1,Hoboken Office,123 River St,Hoboken,NJ,7030,2015551111,3,Hana,Mora,Agent,FT,4/7/21,hanamora@dreamhomesnyc.com,2015550003,1003,4/7/21,4/7/23,NJ,98,Mia,Lee,,,5551980098,mia.lee98@email.com,Individual,1104,NY,Hoboken,6510,4,Townhouse,4,1,,,11,7030,,931,Washington St,Hoboken,NJ,Hudson,4,Townhouse,11,885612,Pending,,,,,,105,875346.18,26154.23,3/16/26,sale,buyer,,,,7030,Hoboken,1,Hoboken High,800 Clinton St,Hoboken,NJ,Hudson,7030,1,subway
106,3,Montclair Office,18 Bloomfield Ave,MONTCLAIR,NJ,7042,9735551313,16,Wesson,Yates,Agent,FT,5/6/20,wessonyates@dreamhomesnyc.com,9735550016,1016,5/6/20,5/6/22,NJ,102,,,Pine Street Ventures,23-1000102,5552020102,deals102@pinestreetventures,Corporation,1105,NY,MONTCLAIR,7042,5,Co-op,1,3,1,Gym,49,7042,,677,Park St,Montclair,NJ,Essex,5,Co-op,49,1115611,Active,106,4/27/26,9:00,price sensitive,completed,,,,,,,,,,7042,Upper Montclair,3,Montclair High,100 Chestnut St,Montclair,NJ,Essex,7042,3,ferry
107,7,White Plains Office,10 Main St,White Plains,NY,10601,9145551717,38,Abner,Booth,Senior Agent,FT,3/23/21,abnerbooth@dreamhomesnyc.com,9145550038,1038,3/23/21,3/23/23,NY,117,Bella,Foster,,,5552170117,bella.foster117@email.com,Individual,1106,NY,Princeton,7302,2,House,4,1,4,Elevator,116,10601,,851,Main St,White Plains,NY,Westchester,2,House,116,933020,Closed,107,4/28/26,9:00,commuting buyer,completed,,,,,,,107,4/7/26,14:00,10601,Downtown White Plains,7,White Plains HS,550 North St,White Plains,NY,Westchester,10601,7,train
108,5,Chelsea Office,456 8th Ave,New York,NY,10001,2125551515,27,Alani,Stone,Agent,FT,4/1/24,alanistone@dreamhomesnyc.com,2125550027,1027,4/1/24,4/1/26,NY,169,Ava,Roe,,,5552690169,ava.roe169@email.com,Individual,1107,NJ,Montclair,7030,3,Apartment,2,2,2,Pool,86,10001,10B,93,W 28th St,New York,NY,New York,3,Apartment,86,5685,Pending,108,4/29/26,12:00,First showing,scheduled,,,,,,,,,,10001,Chelsea,5,PS 33,281 9th Ave,New York,NY,New York,10001,5,bus
109,9,Greenwich Office,40 Field Point Rd,Greenwich,CT,6830,2035551919,50,Esther,McMahon,Senior Agent,FT,3/20/19,esthermcmahon@dreamhomesnyc.com,2035550050,1050,3/20/19,3/20/21,CT,56,Ethan,Chen,,,5551560056,ethan.chen56@email.com,Individual,1108,CT,Greenwich,6830,3,Apartment,3,1,5,Doorman,156,6830,19B,35,Mason St,Greenwich,CT,Fairfield,3,Apartment,156,6556,Active,,,,,,109,6349.38,177.96,3/20/26,rental,renter,109,4/9/26,11:00,6830,Greenwich Ave,9,Greenwich High,10 Hillside Rd,Greenwich,CT,Fairfield,6830,9,train
110,5,Chelsea Office,456 8th Ave,New York,NY,10001,2125551515,25,Olive,Knight,Manager,FT,2/24/22,oliveknight@dreamhomesnyc.com,2125550025,,,,,28,Dylan,Ng,,,5551280028,dylan.ng28@email.com,Individual,1109,NY,New York,6510,3,Apartment,4,3,6,Laundry,85,10001,27B,391,W 26th St,New York,NY,New York,3,Apartment,85,7978,Withdrawn,110,5/1/26,9:00,follow-up,Canceled,110,8143.76,233.33,3/21/26,sale,seller,,,,10001,Chelsea,5,PS 33,281 9th Ave,New York,NY,New York,10001,5,train
111,7,White Plains Office,10 Main St,White Plains,NY,10601,9145551717,38,Abner,Booth,Senior Agent,FT,3/23/21,abnerbooth@dreamhomesnyc.com,9145550038,1038,3/23/21,3/23/23,NY,178,Dylan,Lopez,,,5552780178,dylan.lopez178@email.com,Individual,1110,NY,White Plains,10601,2,House,3,1,,,121,10601,,15,Main St,White Plains,NY,Westchester,2,House,121,1177273,Active,111,5/2/26,17:15,investor inquiry,scheduled,,,,,,,,,,10601,Downtown White Plains,7,White Plains HS,550 North St,White Plains,NY,Westchester,10601,7,ferry
112,2,Jersey City Office,90 Hudson St,Jersey City,NJ,7302,(201) 555-1212,9,Kamari,Leblanc,Agent,FT,10/19/20,kamarileblanc@dreamhomesnyc.com,201-555-0009,1009,10/19/20,10/19/22,NJ,128,Mia,Chen,,,5552280128,mia.chen128@email.com,Individual,1111,NJ,Jersey City,7302,1,Condo,3,1,1,Gym,34,7302,14B,276,Grand St,Jersey City,NJ,Hudson,1,Condo,34,1498207,Active,112,5/3/26,9:00,family interested in schools,completed,,,,,,,,,,7302,Downtown JC,2,PS 16,96 Sussex St,Jersey City,NJ,Hudson,7302,2,bus
113,8,Stamford Office,300 Atlantic St,Stamford,CT,6901,2035551818,44,August,Walsh,Senior Agent,FT,9/8/20,augustwalsh@dreamhomesnyc.com,2035550044,1044,9/8/20,9/8/22,CT,3,Lina,Patel,,,5551030003,lina.patel3@email.com,Individual,1112,CT,New York,10001,1,Condo,3,2,4,Elevator,144,6901,32B,729,Atlantic St,Stamford,CT,Fairfield,1,Condo,144,1497196,Closed,113,5/4/26,15:00,First showing,Completed,113,1519720.23,44705.76,3/24/26,sale,seller,,,,6901,Downtown Stamford,8,Stamford HS,55 Strawberry Hill Ave,Stamford,CT,Fairfield,6901,8,bus
114,10,New Haven Office,275 Chapel St,New Haven,CT,6510,2035552020,57,Shepherd,Clark,Agent,FT,10/7/19,shepherdclark@dreamhomesnyc.com,2035550057,1057,10/7/19,10/7/21,CT,40,Ivy,Bailey,,,5551400040,ivy.bailey40@email.com,Individual,1113,CT,Greenwich,6901,4,Townhouse,4,1,3,Parking,166,6510,19B,561,Chapel St,New Haven,CT,New Haven,5,Co-op,166,611805,Active,114,5/5/26,9:00,family interested in schools,completed,,,,,,,,,,6510,Downtown New Haven,10,Hillhouse HS,480 Sherman Pkwy,New Haven,CT,New Haven,6510,10,bus
115,1,Hoboken Office,123 River St,HOBOKEN,NJ,7030,2015551111,3,Hana,Mora,Agent,FT,4/7/21,hanamora@dreamhomesnyc.com,2015550003,1003,4/7/21,4/7/23,NJ,8,Mia,Chen,,,5551080008,mia.chen8@email.com,Individual,1114,NJ,HOBOKEN,7030,5,Co-op,3,2,3,Parking,17,7030,,93,Hudson St,Hoboken,NJ,Hudson,5,Co-op,17,923432,Active,115,5/6/26,12:00,First showing,Canceled,,,,,,,,,,7030,Hoboken,1,Hoboken High,800 Clinton St,Hoboken,NJ,Hudson,7030,1,bus
116,4,Princeton Office,55 Nassau St,Princeton,NJ,8542,6095551414,23,Ellianna,Nixon,Agent,PT,12/20/20,elliannanixon@dreamhomesnyc.com,6095550023,1023,12/20/20,12/20/22,NJ,45,Leah,Foster,,,5551450045,leah.foster45@email.com,Individual,1115,NJ,Princeton,6901,5,Co-op,2,3,,,56,8542,10B,942,Witherspoon St,Princeton,NJ,Mercer,5,Co-op,56,1510014,Withdrawn,116,5/7/26,12:00,price sensitive,scheduled,,,,,,,,,,8542,Princeton Center,4,Princeton High,151 Moore St,Princeton,NJ,Mercer,8542,4,subway
117,1,Hoboken Office,123 River St,Hoboken,NJ,7030,(201) 555-1111,4,Arturo,Russell,Agent,FT,5/9/22,arturorussell@dreamhomesnyc.com,201-555-0004,1004,5/9/22,5/9/24,NJ,183,Lina,Morris,,,5552830183,lina.morris183@email.com,Individual,1116,NJ,Hoboken,6510,3,Apartment,2,1,1,Gym,10,7030,18A,845,River St,Hoboken,NJ,Hudson,4,Townhouse,10,1226510,Withdrawn,117,5/8/26,12:00,family interested in schools,Canceled,117,1184552.4,31381.24,3/28/26,sale,seller,,,,7030,Hoboken,1,Hoboken High,800 Clinton St,Hoboken,NJ,Hudson,7030,1,ferry
118,3,MONTCLAIR OFFICE,18 Bloomfield Ave,Montclair,NJ,7042,9735551313,15,Zaylee,Trejo,Agent,FT,4/4/19,zayleetrejo@dreamhomesnyc.com,9735550015,1015,4/4/19,4/4/21,NJ,4,Chris,Ng,,,5551040004,chris.ng4@email.com,Individual,1117,CT,Montclair,7042,2,House,2,2,2,Pool,41,7042,,323,Valley Rd,Montclair,NJ,Essex,2,House,41,960455,Active,118,5/9/26,12:00,late showing,completed,,,,,,,118,4/18/26,14:00,7042,Upper Montclair,3,Montclair High,100 Chestnut St,Montclair,NJ,Essex,7042,3,ferry
119,1,Hoboken Office,123 River St,Hoboken,NJ,7030,2015551111,5,Raelynn,Singh,Agent,PT,6/11/23,raelynnsingh@dreamhomesnyc.com,2015550005,1005,6/11/23,6/11/25,NJ,101,Ryan,Garcia,,,5552010101,ryan.garcia101@email.com,Individual,1118,NJ,Hoboken,7030,4,Townhouse,3,2,6,Laundry,14,7030,,442,River St,Hoboken,NJ,Hudson,2,House,14,729046,Active,,,,,,119,745850.92,21057.77,3/30/26,sale,buyer,119,4/19/26,14:00,7030,Hoboken,1,Hoboken High,800 Clinton St,Hoboken,NJ,Hudson,7030,1,subway
120,5,Chelsea Office,456 8th Ave,New York,NY,10001,2125551515,27,Alani,Stone,Agent,FT,4/1/24,alanistone@dreamhomesnyc.com,2125550027,1027,4/1/24,4/1/26,NY,182,Mark,Hall,,,5552820182,mark.hall182@email.com,Individual,1119,NY,New York,10001,5,Co-op,2,2,,,80,10001,,830,W 28th St,New York,NY,New York,2,House,80,1830559,Closed,,,,repeat row,,120,1801042.35,41406.39,3/31/26,sale,buyer,,,,10001,Chelsea,5,PS 33,281 9th Ave,New York,NY,New York,10001,5,bus
121,5,Chelsea Office,456 8th Ave,New York,NY,10001,2125551515,29,Reese,Chapman,Agent,PT,6/5/19,reesechapman@dreamhomesnyc.com,2125550029,1029,6/5/19,6/5/21,NY,148,Dylan,Ng,,,5552480148,dylan.ng148@email.com,Individual,1120,NY,New York,7302,3,Apartment,4,1,4,Elevator,73,10001,22A,986,8th Ave,New York,NY,New York,3,Apartment,73,3601,Active,121,4/2/26,10:30,price sensitive,scheduled,,,,,,,,,,10001,Chelsea,5,PS 33,281 9th Ave,New York,NY,New York,10001,5,train
122,7,White Plains Office,10 Main St,White Plains,NY,10601,9145551717,40,Blaine,McKinney,Agent,FT,5/27/23,blainemckinney@dreamhomesnyc.com,9145550040,1040,5/27/23,5/27/25,NY,88,,,Acme Holdings,98-1000088,5551880088,deals88@acmeholdings,Corporation,1121,NY,White Plains,7302,5,Co-op,2,1,,,112,10601,,913,Hamilton Ave,White Plains,NY,Westchester,2,House,112,704110,Active,122,4/3/26,12:00,commuting buyer,Scheduled,,,,,,,,,,10601,Downtown White Plains,7,White Plains HS,550 North St,White Plains,NY,Westchester,10601,7,ferry
123,5,Chelsea Office,456 8th Ave,New York,NY,10001,2125551515,27,Alani,Stone,Agent,FT,4/1/24,alanistone@dreamhomesnyc.com,2125550027,1027,4/1/24,4/1/26,NY,170,,,Metro Holdings,91-1000170,5552700170,deals170@metroholdings,Corporation,1122,NY,New York,10001,5,Co-op,4,1,3,Parking,84,10001,39B,677,8th Ave,New York,NY,New York,5,Co-op,84,356902,Pending,123,4/4/26,15:00,virtual tour,Completed,123,363671.82,9000.16,4/3/26,sale,seller,,,,10001,Chelsea,5,PS 33,281 9th Ave,New York,NY,New York,10001,5,subway
124,2,Jersey City Office,90 Hudson Street,Jersey City,NJ,7302,2015551212,10,Braden,Cross,Agent,FT,11/21/21,bradencross@dreamhomesnyc.com,2015550010,1010,11/21/21,11/21/23,NJ,157,Sophia,Reed,,,5552570157,sophia.reed157@email.com,Individual,1123,NY,New York,7302,1,Condo,1,3,,,23,7302,8A,368,Grand St,Jersey City,NJ,Hudson,4,Townhouse,23,1044207,Withdrawn,124,4/5/26,13:30,commuting buyer,Canceled,,,,,,,,,,7302,Downtown JC,2,PS 16,96 Sussex St,Jersey City,NJ,Hudson,7302,2,subway
125,10,New Haven Office,275 Chapel St,NEW HAVEN,CT,6510,2035552020,57,Shepherd,Clark,Agent,FT,10/7/19,shepherdclark@dreamhomesnyc.com,2035550057,1057,10/7/19,10/7/21,CT,36,Noah,Flores,,,5551360036,noah.flores36@email.com,Individual,1124,CT,NEW HAVEN,10601,2,House,4,1,6,Laundry,170,6510,11B,715,Chapel St,New Haven,CT,New Haven,2,House,170,1005993,Active,,,,,,,,,,,,,,,6510,Downtown New Haven,10,Hillhouse HS,480 Sherman Pkwy,New Haven,CT,New Haven,6510,10,train
126,7,White Plains Office,10 Main St,White Plains,NY,10601,9145551717,42,Mohammed,Phillips,Transaction Coordinator,FT,7/4/18,mohammedphillips@dreamhomesnyc.com,9145550042,,,,,155,Eva,Scott,,,5552550155,eva.scott155@email.com,Individual,1125,CT,White Plains,10601,2,House,2,2,,,117,10601,,541,Mamaroneck Ave,White Plains,NY,Westchester,2,House,117,858955,Active,126,4/7/26,17:15,family interested in schools,completed,126,879046.65,23578.35,4/6/26,sale,buyer,,,,10601,Downtown White Plains,7,White Plains HS,550 North St,White Plains,NY,Westchester,10601,7,ferry
127,6,Brooklyn Heights Office,200 Montague St,Brooklyn,NY,11201,7185551616,33,Charlie,Colon,Agent,FT,10/13/23,charliecolon@dreamhomesnyc.com,7185550033,1033,10/13/23,10/13/25,NY,124,Chris,Ng,,,5552240124,chris.ng124@email.com,Individual,1126,NJ,Brooklyn,10001,4,Townhouse,1,3,6,Laundry,95,11201,,904,Court St,Brooklyn,NY,Kings,4,Townhouse,95,561682,Pending,127,4/8/26,17:15,follow-up,completed,,,,,,,,,,11201,Brooklyn Heights,6,Brooklyn Heights Prep,50 Court St,Brooklyn,NY,Kings,11201,6,ferry
128,8,Stamford Office,300 Atlantic St,Stamford,CT,6901,2035551818,46,Darius,Beasley,Agent,FT,11/12/22,dariusbeasley@dreamhomesnyc.com,2035550046,1046,11/12/22,11/12/24,CT,117,Bella,Foster,,,5552170117,bella.foster117@email.com,Individual,1127,CT,Stamford,10601,1,Condo,2,2,,,137,6901,,226,Atlantic St,Stamford,CT,Fairfield,1,Condo,137,1174475,Active,128,4/9/26,15:00,investor inquiry,Scheduled,,,,,,,,,,6901,Downtown Stamford,8,Stamford HS,55 Strawberry Hill Ave,Stamford,CT,Fairfield,6901,8,bus
129,10,New Haven Office,275 Chapel St,New Haven,CT,6510,(203) 555-2020,60,Jasmine,Nava,Transaction Coordinator,FT,1/13/22,jasminenava@dreamhomesnyc.com,203-555-0060,,,,,160,Ivy,Bailey,,,5552600160,ivy.bailey160@email.com,Individual,1128,CT,New Haven,6510,3,Apartment,2,2,1,Gym,169,6510,,858,Orange St,New Haven,CT,New Haven,3,Apartment,169,3894,Active,129,4/10/26,15:00,price sensitive,completed,,,,,,,,,,6510,Downtown New Haven,10,Hillhouse HS,480 Sherman Pkwy,New Haven,CT,New Haven,6510,10,train
130,4,Princeton Office,55 Nassau St,Princeton,NJ,8542,6095551414,20,Harlem,Good,Senior Agent,FT,9/14/24,harlemgood@dreamhomesnyc.com,6095550020,1020,9/14/24,9/14/26,NJ,125,Eva,Garcia,,,5552250125,eva.garcia125@email.com,Individual,1129,NJ,Princeton,8542,2,House,3,1,4,Elevator,67,8542,4B,933,Mercer St,Princeton,NJ,Mercer,5,Co-op,67,992253,Active,130,4/11/26,13:30,price sensitive,Completed,,,,,,,,,,8542,Princeton Center,4,Princeton High,151 Moore St,Princeton,NJ,Mercer,8542,4,bus
131,2,Jersey City Office,90 Hudson St,Jersey City,NJ,7302,2015551212,9,Kamari,Leblanc,Agent,FT,10/19/20,kamarileblanc@dreamhomesnyc.com,2015550009,1009,10/19/20,10/19/22,NJ,119,,,Atlas Property Group,40-1000119,5552190119,deals119@atlaspropertygroup.com,Corporation,1130,NJ,Jersey City,6830,5,Co-op,4,2,1,Gym,30,7302,31B,466,Grove St,Jersey City,NJ,Hudson,5,Co-op,30,959249,Active,131,4/12/26,13:30,commuting buyer,Canceled,,,,,,,,,,7302,Downtown JC,2,PS 16,96 Sussex St,Jersey City,NJ,Hudson,7302,2,bus
132,8,Stamford Office,300 Atlantic St,Stamford,CT,6901,2035551818,46,Darius,Beasley,Agent,FT,11/12/22,dariusbeasley@dreamhomesnyc.com,2035550046,1046,11/12/22,11/12/24,CT,111,Zoe,Morris,,,5552110111,zoe.morris111@email.com,Individual,1131,CT,New York,6901,1,Condo,1,2,6,Laundry,137,6901,,226,Atlantic St,Stamford,CT,Fairfield,1,Condo,137,1174475,Active,132,4/13/26,17:15,family interested in schools,completed,132,1176970.82,28070.02,4/12/26,sale,buyer,,,,6901,Downtown Stamford,8,Stamford HS,55 Strawberry Hill Ave,Stamford,CT,Fairfield,6901,8,bus
133,1,Hoboken Office,123 River St,Hoboken,NJ,7030,2015551111,3,Hana,Mora,Agent,FT,4/7/21,hanamora@dreamhomesnyc.com,2015550003,1003,4/7/21,4/7/23,NJ,135,Leah,Morris,,,5552350135,leah.morris135@email.com,Individual,1132,NJ,Hoboken,7030,2,House,1,1,,,4,7030,7B,801,Hudson St,Hoboken,NJ,Hudson,2,House,4,1125435,Pending,,,,,,133,1136620.13,36029.1,4/13/26,rental,owner,,,,7030,Hoboken,1,Hoboken High,800 Clinton St,Hoboken,NJ,Hudson,7030,1,bus
134,6,Brooklyn Heights Office,200 Montague St,Brooklyn,NY,11201,7185551616,35,Allison,Chung,Agent,PT,12/17/18,allisonchung@dreamhomesnyc.com,7185550035,1035,12/17/18,12/17/20,NY,166,Miles,Cole,,,5552660166,miles.cole166@email.com,Individual,1133,NY,Jersey City,10001,3,Apartment,4,1,4,Elevator,97,11201,,965,Court St,Brooklyn,NY,Kings,3,Apartment,97,3619,Closed,134,4/15/26,17:15,late showing,Canceled,134,3464.83,234.71,4/14/26,rental,renter,,,,11201,Brooklyn Heights,6,Brooklyn Heights Prep,50 Court St,Brooklyn,NY,Kings,11201,6,ferry
135,4,Princeton Office,55 Nassau St,Princeton,NJ,8542,6095551414,20,Harlem,Good,Senior Agent,FT,9/14/24,harlemgood@dreamhomesnyc.com,6095550020,1020,9/14/24,9/14/26,NJ,18,Caleb,Ward,,,5551180018,caleb.ward18@email.com,Individual,1134,NJ,New Haven,8542,1,Condo,1,1,1,Gym,68,8542,7A,859,Mercer St,Princeton,NJ,Mercer,1,Condo,68,2049864,Closed,,,,,,,,,,,,135,5/5/26,11:00,8542,Princeton Center,4,Princeton High,151 Moore St,Princeton,NJ,Mercer,8542,4,subway
136,7,White Plains Office,10 Main St,White Plains,NY,10601,9145551717,41,Gwendolyn,Bridges,Agent,PT,6/2/24,gwendolynbridges@dreamhomesnyc.com,9145550041,1041,6/2/24,6/2/26,NY,128,Mia,Chen,,,5552280128,mia.chen128@email.com,Individual,1135,NY,White Plains,10601,4,Townhouse,4,2,,,115,10601,,845,Mamaroneck Ave,White Plains,NY,Westchester,4,Townhouse,115,997643,Active,136,4/17/26,13:30,commuting buyer,Scheduled,,,,,,,136,5/6/26,14:00,10601,Downtown White Plains,7,White Plains HS,550 North St,White Plains,NY,Westchester,10601,7,train
137,5,Chelsea Office,456 8th Ave,New York,NY,10001,2125551515,27,Alani,Stone,Agent,FT,4/1/24,alanistone@dreamhomesnyc.com,2125550027,1027,4/1/24,4/1/26,NY,103,Paul,Allen,,,5552030103,paul.allen103@email.com,Individual,1136,NY,Jersey City,10001,3,Apartment,1,2,5,Doorman,86,10001,10B,93,W 28th St,New York,NY,New York,3,Apartment,86,5685,Pending,137,4/18/26,13:30,family interested in schools,canceled,,,,,,,,,,10001,Chelsea,5,PS 33,281 9th Ave,New York,NY,New York,10001,5,bus
138,2,Jersey City Office,90 Hudson St,Jersey City,NJ,7302,2015551212,10,Braden,Cross,Agent,FT,11/21/21,bradencross@dreamhomesnyc.com,2015550010,1010,11/21/21,11/21/23,NJ,189,Owen,Foster,,,5552890189,owen.foster189@email.com,Individual,1137,NJ,Jersey City,7302,2,House,2,2,5,Doorman,22,7302,6A,895,Grove St,Jersey City,NJ,Hudson,2,House,22,1048321,Closed,,,,,,,,,,,,,,,7302,Downtown JC,2,PS 16,96 Sussex St,Jersey City,NJ,Hudson,7302,2,subway
139,5,Chelsea Office,456 8th Ave,new york,NY,10001,2125551515,26,Beckett,Delgado,Senior Agent,FT,3/26/23,beckettdelgado@dreamhomesnyc.com,2125550026,1026,3/26/23,3/26/25,NY,185,Eva,Cooper,,,5552850185,eva.cooper185@email.com,Individual,1138,NY,NEW YORK,6830,5,Co-op,4,3,1,Gym,87,10001,,105,W 28th St,New York,NY,New York,5,Co-op,87,901589,Active,139,4/20/26,13:30,First showing,scheduled,,,,,,,,,,10001,Chelsea,5,PS 33,281 9th Ave,New York,NY,New York,10001,5,bus
140,1,Hoboken Office,123 River St,Hoboken,NJ,7030,2015551111,3,Hana,Mora,Agent,FT,4/7/21,hanamora@dreamhomesnyc.com,2015550003,1003,4/7/21,4/7/23,NJ,13,Paul,Reed,,,5551130013,paul.reed13@email.com,Individual,1139,NJ,Hoboken,7030,2,House,1,1,,,4,7030,7B,801,Hudson St,Hoboken,NJ,Hudson,2,House,4,1125435,Pending,140,4/21/26,12:00,commuting buyer,Canceled,140,1127199.63,29976.9,3/6/26,sale,seller,,,,7030,Hoboken,1,Hoboken High,800 Clinton St,Hoboken,NJ,Hudson,7030,1,bus
141,1,Hoboken Office,123 River St,HOBOKEN,NJ,7030,2015551111,2,Bronson,McCullough,Senior Agent,FT,3/5/20,bronsonmccullough@dreamhomesnyc.com,2015550002,1002,3/5/20,3/5/22,NJ,86,Ethan,Hall,,,5551860086,ethan.hall86@email.com,Individual,1140,NJ,HOBOKEN,7042,1,Condo,3,1,1,Gym,12,7030,,937,River St,Hoboken,NJ,Hudson,1,Condo,12,942004,Closed,,,,,,,,,,,,,,,7030,Hoboken,1,Hoboken High,800 Clinton St,Hoboken,NJ,Hudson,7030,1,subway
142,2,Jersey City Office,90 Hudson St,Jersey City,NJ,7302,2015551212,9,Kamari,Leblanc,Agent,FT,10/19/20,kamarileblanc@dreamhomesnyc.com,2015550009,1009,10/19/20,10/19/22,NJ,46,Miles,Cole,,,5551460046,miles.cole46@email.com,Individual,1141,CT,New York,7302,4,Townhouse,4,1,4,Elevator,21,7302,19A,46,Grand St,Jersey City,NJ,Hudson,5,Co-op,21,743860,Closed,142,4/23/26,10:30,First showing,completed,142,732694.58,21707.71,3/8/26,sale,seller,,,,7302,Downtown JC,2,PS 16,96 Sussex St,Jersey City,NJ,Hudson,7302,2,ferry
143,3,Montclair Office,18 Bloomfield Ave,montclair,NJ,7042,9735551313,17,Charley,Houston,Agent,PT,6/8/21,charleyhouston@dreamhomesnyc.com,9735550017,1017,6/8/21,6/8/23,NJ,136,,,Acme Holdings,57-1000136,5552360136,deals136@acmeholdings,Corporation,1142,CT,MONTCLAIR,6830,4,Townhouse,2,1,6,Laundry,50,7042,,720,Park St,Montclair,NJ,Essex,4,Townhouse,50,638479,Closed,,,,,,,,,,,,,,,7042,Upper Montclair,3,Montclair High,100 Chestnut St,Montclair,NJ,Essex,7042,3,ferry
144,1,Hoboken Office,123 River St,hoboken,NJ,7030,2015551111,5,Raelynn,Singh,Agent,PT,6/11/23,raelynnsingh@dreamhomesnyc.com,2015550005,1005,6/11/23,6/11/25,NJ,73,Paul,Roe,,,5551730073,paul.roe73@email.com,Individual,1143,NJ,HOBOKEN,6901,2,House,4,1,4,Elevator,14,7030,,442,River St,Hoboken,NJ,Hudson,2,House,14,729046,Active,144,4/25/26,9:00,family interested in schools,scheduled,,,,,,,,,,7030,Hoboken,1,Hoboken High,800 Clinton St,Hoboken,NJ,Hudson,7030,1,subway
145,4,Princeton Office,55 Nassau St,Princeton,NJ,8542,(609) 555-1414,21,Nathalia,Pitts,Agent,FT,10/16/18,nathaliapitts@dreamhomesnyc.com,609-555-0021,1021,10/16/18,10/16/20,NJ,59,Sara,Scott,,,5551590059,sara.scott59@email.com,Individual,1144,NJ,Princeton,8542,5,Co-op,2,3,5,Doorman,59,8542,17B,156,Nassau St,Princeton,NJ,Mercer,5,Co-op,59,1403207,Active,145,4/26/26,13:30,late showing,Completed,,,,,,,145,4/10/26,13:00,8542,Princeton Center,4,Princeton High,151 Moore St,Princeton,NJ,Mercer,8542,4,bus
146,5,Chelsea Office,456 8th Ave,new york,NY,10001,2125551515,27,Alani,Stone,Agent,FT,4/1/24,alanistone@dreamhomesnyc.com,2125550027,1027,4/1/24,4/1/26,NY,178,Dylan,Lopez,,,5552780178,dylan.lopez178@email.com,Individual,1145,NY,NEW YORK,10001,3,Apartment,2,1,2,Pool,86,10001,10B,93,W 28th St,New York,NY,New York,3,Apartment,86,5685,Pending,,,,,,,,,,,,,,,10001,Chelsea,5,PS 33,281 9th Ave,New York,NY,New York,10001,5,bus
147,2,Jersey City Office,90 Hudson St,Jersey City,NJ,7302,2015551212,10,Braden,Cross,Agent,FT,11/21/21,bradencross@dreamhomesnyc.com,2015550010,1010,11/21/21,11/21/23,NJ,134,Tara,Hall,,,5552340134,tara.hall134@email.com,Individual,1146,NJ,New Haven,7302,4,Townhouse,1,2,5,Doorman,23,7302,8A,368,Grand St,Jersey City,NJ,Hudson,4,Townhouse,23,1044207,Withdrawn,147,4/28/26,15:00,price sensitive,completed,,,,,,,,,,7302,Downtown JC,2,PS 16,96 Sussex St,Jersey City,NJ,Hudson,7302,2,subway
148,7,White Plains Office,10 Main St,white plains,NY,10601,9145551717,38,Abner,Booth,Senior Agent,FT,3/23/21,abnerbooth@dreamhomesnyc.com,9145550038,1038,3/23/21,3/23/23,NY,130,Ivy,Lopez,,,5552300130,ivy.lopez130@email.com,Individual,1147,NY,WHITE PLAINS,10601,1,Condo,2,2,6,Laundry,121,10601,,15,Main St,White Plains,NY,Westchester,2,House,121,1177273,Active,148,4/29/26,10:30,price sensitive,Canceled,148,1175257.06,27243.01,3/14/26,sale,seller,,,,10601,Downtown White Plains,7,White Plains HS,550 North St,White Plains,NY,Westchester,10601,7,ferry
149,7,White Plains Office,10 Main St,White Plains,NY,10601,9145551717,40,Blaine,McKinney,Agent,FT,5/27/23,blainemckinney@dreamhomesnyc.com,9145550040,1040,5/27/23,5/27/25,NY,36,Noah,Flores,,,5551360036,noah.flores36@email.com,Individual,1148,NY,White Plains,6901,1,Condo,4,1,3,Parking,117,10601,,541,Mamaroneck Ave,White Plains,NY,Westchester,2,House,117,858955,Active,149,4/30/26,12:00,family interested in schools,Scheduled,,,,,,,,,,10601,Downtown White Plains,7,White Plains HS,550 North St,White Plains,NY,Westchester,10601,7,ferry
150,1,Hoboken Office,123 River St,Hoboken,NJ,7030,2015551111,5,Raelynn,Singh,Agent,PT,6/11/23,raelynnsingh@dreamhomesnyc.com,2015550005,1005,6/11/23,6/11/25,NJ,94,Chris,Cole,,,5551940094,chris.cole94@email.com,Individual,1149,NJ,Hoboken,7030,2,House,4,1,3,Parking,14,7030,,442,River St,Hoboken,NJ,Hudson,2,House,14,729046,Active,150,5/1/26,9:00,virtual tour,completed,,,,,,,,,,7030,Hoboken,1,Hoboken High,800 Clinton St,Hoboken,NJ,Hudson,7030,1,subway
151,5,Chelsea Office,456 8th Ave,New York,NY,10001,2125551515,29,Reese,Chapman,Agent,PT,6/5/19,reesechapman@dreamhomesnyc.com,2125550029,1029,6/5/19,6/5/21,NY,69,Owen,Foster,,,5551690069,owen.foster69@email.com,Individual,1150,NY,New York,10001,3,Apartment,2,2,5,Doorman,83,10001,12A,615,8th Ave,New York,NY,New York,3,Apartment,83,6390,Active,151,5/2/26,15:00,investor inquiry,scheduled,,,,,,,,,,10001,Chelsea,5,PS 33,281 9th Ave,New York,NY,New York,10001,5,bus
152,3,Montclair Office,18 Bloomfield Ave,Montclair,NJ,7042,9735551313,16,Wesson,Yates,Agent,FT,5/6/20,wessonyates@dreamhomesnyc.com,9735550016,1016,5/6/20,5/6/22,NJ,23,Hannah,Price,,,5551230023,hannah.price23@email.com,Individual,1151,NJ,New York,7302,5,Co-op,2,1,5,Doorman,49,7042,,677,Park St,Montclair,NJ,Essex,5,Co-op,49,1115611,Active,,,,repeat row,,152,1090496.7,30117.37,3/18/26,sale,buyer,,,,7042,Upper Montclair,3,Montclair High,100 Chestnut St,Montclair,NJ,Essex,7042,3,ferry
153,10,New Haven Office,275 Chapel St,NEW HAVEN,CT,6510,2035552020,57,Shepherd,Clark,Agent,FT,10/7/19,shepherdclark@dreamhomesnyc.com,2035550057,1057,10/7/19,10/7/21,CT,49,Ava,Roe,,,5551490049,ava.roe49@email.com,Individual,1152,CT,PRINCETON,6830,5,Co-op,2,3,5,Doorman,166,6510,19B,561,Chapel St,New Haven,CT,New Haven,5,Co-op,166,611805,Active,153,5/4/26,15:00,virtual tour,scheduled,153,582362.42,16550.81,3/19/26,sale,buyer,,,,6510,Downtown New Haven,10,Hillhouse HS,480 Sherman Pkwy,New Haven,CT,New Haven,6510,10,bus
154,1,Hoboken Office,123 River Street,Hoboken,NJ,7030,2015551111,5,Raelynn,Singh,Agent,PT,6/11/23,raelynnsingh@dreamhomesnyc.com,2015550005,1005,6/11/23,6/11/25,NJ,73,Paul,Roe,,,5551730073,paul.roe73@email.com,Individual,1153,NJ,Hoboken,6830,1,Condo,1,1,5,Doorman,13,7030,28B,684,Hudson St,Hoboken,NJ,Hudson,1,Condo,13,1414491,Active,154,5/5/26,12:00,late showing,Completed,154,1443789.97,88945.3,3/20/26,rental,renter,,,,7030,Hoboken,1,Hoboken High,800 Clinton St,Hoboken,NJ,Hudson,7030,1,ferry
155,8,Stamford Office,300 Atlantic St,Stamford,CT,6901,2035551818,46,Darius,Beasley,Agent,FT,11/12/22,dariusbeasley@dreamhomesnyc.com,2035550046,1046,11/12/22,11/12/24,CT,7,Sophia,Allen,,,5551070007,sophia.allen7@email.com,Individual,1154,CT,Stamford,6901,1,Condo,2,1,,,137,6901,,226,Atlantic St,Stamford,CT,Fairfield,1,Condo,137,1174475,Active,155,5/6/26,12:00,virtual tour,Canceled,,,,,,,,,,6901,Downtown Stamford,8,Stamford HS,55 Strawberry Hill Ave,Stamford,CT,Fairfield,6901,8,bus
156,9,Greenwich Office,40 Field Point Rd,Greenwich,CT,6830,2035551919,53,Dayton,Prince,Agent,PT,6/26/22,daytonprince@dreamhomesnyc.com,2035550053,1053,6/26/22,6/26/24,CT,114,Jason,Ward,,,5552140114,jason.ward114@email.com,Individual,1155,CT,Greenwich,6830,5,Co-op,4,3,2,Pool,145,6830,12B,587,Putnam Ave,Greenwich,CT,Fairfield,5,Co-op,145,2532241,Closed,156,5/7/26,9:00,late showing,Scheduled,,,,,,,156,4/21/26,12:00,6830,Greenwich Ave,9,Greenwich High,10 Hillside Rd,Greenwich,CT,Fairfield,6830,9,train
157,3,Montclair Office,18 Bloomfield Ave,Montclair,NJ,7042,(973) 555-1313,14,Franklin,Foley,Senior Agent,FT,3/2/18,franklinfoley@dreamhomesnyc.com,973-555-0014,1014,3/2/18,3/2/20,NJ,138,Caleb,Ward,,,5552380138,caleb.ward138@email.com,Individual,1156,CT,Jersey City,10601,4,Townhouse,2,3,3,Parking,51,7042,,65,Bloomfield Ave,Montclair,NJ,Essex,4,Townhouse,51,1396907,Closed,157,5/8/26,17:15,commuting buyer,Canceled,,,,,,,157,4/22/26,13:00,7042,Upper Montclair,3,Montclair High,100 Chestnut St,Montclair,NJ,Essex,7042,3,ferry
158,7,White Plains Office,10 Main St,White Plains,NY,10601,(914) 555-1717,37,Nala,Compton,Manager,FT,2/21/20,nalacompton@dreamhomesnyc.com,914-555-0037,,,,,56,Ethan,Chen,,,5551560056,ethan.chen56@email.com,Individual,1157,NY,White Plains,10001,4,Townhouse,4,2,5,Doorman,115,10601,,845,Mamaroneck Ave,White Plains,NY,Westchester,4,Townhouse,115,997643,Active,158,5/9/26,10:30,investor inquiry,scheduled,,,,,,,,,,10601,Downtown White Plains,7,White Plains HS,550 North St,White Plains,NY,Westchester,10601,7,train
159,9,Greenwich Office,40 Field Point Rd,Greenwich,CT,6830,2035551919,49,Alonzo,Tucker,Manager,FT,2/18/18,alonzotucker@dreamhomesnyc.com,2035550049,,,,,2,Mark,Lee,,,5551020002,mark.lee2@email.com,Individual,1158,CT,White Plains,6830,3,Apartment,3,1,4,Elevator,152,6830,,762,Putnam Ave,Greenwich,CT,Fairfield,3,Apartment,152,8184,Closed,159,5/10/26,12:00,investor inquiry,scheduled,,,,,,,,,,6830,Greenwich Ave,9,Greenwich High,10 Hillside Rd,Greenwich,CT,Fairfield,6830,9,train
160,3,Montclair Office,18 Bloomfield Ave,Montclair,NJ,7042,9735551313,17,Charley,Houston,Agent,PT,6/8/21,charleyhouston@dreamhomesnyc.com,9735550017,1017,6/8/21,6/8/23,NJ,164,Tara,Ross,,,5552640164,tara.ross164@email.com,Individual,1159,NY,Montclair,10001,5,Co-op,2,1,1,Gym,40,7042,7A,20,Valley Rd,Montclair,NJ,Essex,5,Co-op,40,1394993,Active,160,4/1/26,12:00,virtual tour,completed,,,,,,,160,4/25/26,14:00,7042,Upper Montclair,3,Montclair High,100 Chestnut St,Montclair,NJ,Essex,7042,3,ferry
161,8,Stamford Office,300 Atlantic St,Stamford,CT,6901,2035551818,45,Leia,Summers,Agent,FT,10/10/21,leiasummers@dreamhomesnyc.com,2035550045,1045,10/10/21,10/10/23,CT,5,Eva,Garcia,,,5551050005,eva.garcia5@email.com,Individual,1160,NJ,Stamford,6901,2,House,4,1,,,132,6901,,78,Atlantic St,Stamford,CT,Fairfield,2,House,132,1420571,Active,,,,,,,,,,,,,,,6901,Downtown Stamford,8,Stamford HS,55 Strawberry Hill Ave,Stamford,CT,Fairfield,6901,8,bus
162,8,Stamford Office,300 Atlantic Street,Stamford,CT,6901,2035551818,45,Leia,Summers,Agent,FT,10/10/21,leiasummers@dreamhomesnyc.com,2035550045,1045,10/10/21,10/10/23,CT,161,Ryan,Cooper,,,5552610161,ryan.cooper161@email.com,Individual,1161,CT,Stamford,6830,2,House,2,2,5,Doorman,132,6901,,78,Atlantic St,Stamford,CT,Fairfield,2,House,132,1420571,Active,162,4/3/26,10:30,First showing,Completed,,,,,,,,,,6901,Downtown Stamford,8,Stamford HS,55 Strawberry Hill Ave,Stamford,CT,Fairfield,6901,8,bus
163,5,Chelsea Office,456 8th Ave,New York,NY,10001,(212) 555-1515,26,Beckett,Delgado,Senior Agent,FT,3/26/23,beckettdelgado@dreamhomesnyc.com,212-555-0026,1026,3/26/23,3/26/25,NY,27,Bella,Patel,,,5551270027,bella.patel27@email.com,Individual,1162,NY,New York,6830,5,Co-op,3,3,4,Elevator,88,10001,24A,799,W 28th St,New York,NY,New York,5,Co-op,88,650182,Active,163,4/4/26,9:00,follow-up,Completed,,,,,,,,,,10001,Chelsea,5,PS 33,281 9th Ave,New York,NY,New York,10001,5,bus
164,2,Jersey City Office,90 Hudson St,Jersey City,NJ,7302,2015551212,11,Nayeli,Robertson,Agent,PT,12/23/22,nayelirobertson@dreamhomesnyc.com,2015550011,1011,12/23/22,12/23/24,NJ,134,Tara,Hall,,,5552340134,tara.hall134@email.com,Individual,1163,NY,Jersey City,7302,1,Condo,1,1,2,Pool,36,7302,23A,631,Marin Blvd,Jersey City,NJ,Hudson,5,Co-op,36,1306794,Pending,164,4/5/26,9:00,commuting buyer,Scheduled,164,1319499.05,37183.49,3/30/26,sale,buyer,164,4/29/26,11:00,7302,Downtown JC,2,PS 16,96 Sussex St,Jersey City,NJ,Hudson,7302,2,bus
165,7,White Plains Office,10 Main St,White Plains,NY,10601,9145551717,38,Abner,Booth,Senior Agent,FT,3/23/21,abnerbooth@dreamhomesnyc.com,9145550038,1038,3/23/21,3/23/23,NY,65,Eva,Cooper,,,5551650065,eva.cooper65@email.com,Individual,1164,NY,White Plains,10601,2,House,1,3,3,Parking,121,10601,,15,Main St,White Plains,NY,Westchester,2,House,121,1177273,Active,165,4/6/26,10:30,investor inquiry,completed,165,1123648.4,29501.12,3/31/26,sale,buyer,,,,10601,Downtown White Plains,7,White Plains HS,550 North St,White Plains,NY,Westchester,10601,7,ferry
166,9,Greenwich Office,40 Field Point Rd,Greenwich,CT,6830,2035551919,53,Dayton,Prince,Agent,PT,6/26/22,daytonprince@dreamhomesnyc.com,2035550053,1053,6/26/22,6/26/24,CT,56,Ethan,Chen,,,5551560056,ethan.chen56@email.com,Individual,1165,NY,Greenwich,7030,1,Condo,1,3,,,149,6830,12A,36,Greenwich Ave,Greenwich,CT,Fairfield,1,Condo,149,3085670,Pending,166,4/7/26,9:00,price sensitive,Canceled,,,,,,,,,,6830,Greenwich Ave,9,Greenwich High,10 Hillside Rd,Greenwich,CT,Fairfield,6830,9,bus
167,6,Brooklyn Heights Office,200 Montague St,Brooklyn,NY,11201,7185551616,33,Charlie,Colon,Agent,FT,10/13/23,charliecolon@dreamhomesnyc.com,7185550033,1033,10/13/23,10/13/25,NY,81,Zoe,Baker,,,5551810081,zoe.baker81@email.com,Individual,1166,NY,Brooklyn,11201,3,Apartment,3,1,4,Elevator,105,11201,,487,Joralemon St,Brooklyn,NY,Kings,4,Townhouse,105,1327266,Active,167,4/8/26,12:00,virtual tour,Completed,,,,,,,,,,11201,Brooklyn Heights,6,Brooklyn Heights Prep,50 Court St,Brooklyn,NY,Kings,11201,6,subway
168,3,Montclair Office,18 Bloomfield Ave,Montclair,NJ,7042,9735551313,16,Wesson,Yates,Agent,FT,5/6/20,wessonyates@dreamhomesnyc.com,9735550016,1016,5/6/20,5/6/22,NJ,174,Jason,Kim,,,5552740174,jason.kim174@email.com,Individual,1167,NJ,Montclair,7302,5,Co-op,3,1,,,49,7042,,677,Park St,Montclair,NJ,Essex,5,Co-op,49,1115611,Active,168,4/9/26,10:30,follow-up,Canceled,,,,,,,,,,7042,Upper Montclair,3,Montclair High,100 Chestnut St,Montclair,NJ,Essex,7042,3,ferry
169,2,Jersey City Office,90 Hudson St,Jersey City,NJ,7302,2015551212,8,Adler,Krueger,Senior Agent,FT,9/17/19,adlerkrueger@dreamhomesnyc.com,2015550008,1008,9/17/19,9/17/21,NJ,109,Ava,Reed,,,5552090109,ava.reed109@email.com,Individual,1168,NY,New Haven,7302,4,Townhouse,2,2,5,Doorman,32,7302,37B,936,Marin Blvd,Jersey City,NJ,Hudson,4,Townhouse,32,1068845,Active,169,4/10/26,13:30,follow-up,scheduled,,,,,,,,,,7302,Downtown JC,2,PS 16,96 Sussex St,Jersey City,NJ,Hudson,7302,2,ferry
170,2,Jersey City Office,90 Hudson St,Jersey City,NJ,7302,2015551212,10,Braden,Cross,Agent,FT,11/21/21,bradencross@dreamhomesnyc.com,2015550010,1010,11/21/21,11/21/23,NJ,18,Caleb,Ward,,,5551180018,caleb.ward18@email.com,Individual,1169,NJ,Jersey City,7302,4,Townhouse,2,1,,,26,7302,,723,Grand St,Jersey City,NJ,Hudson,4,Townhouse,26,1397229,Active,170,4/11/26,13:30,virtual tour,Completed,170,1376006.37,36169.65,4/5/26,sale,seller,,,,7302,Downtown JC,2,PS 16,96 Sussex St,Jersey City,NJ,Hudson,7302,2,subway
171,1,Hoboken Office,123 River St,Hoboken,NJ,7030,2015551111,1,Kinley,Michael,Manager,FT,2/3/19,kinleymichael@dreamhomesnyc.com,2015550001,,,,,99,,,Stonebridge Inc,20-1000099,5551990099,deals99@stonebridgeinc.com,Corporation,1170,NJ,Stamford,7030,2,House,3,2,3,Parking,9,7030,,392,River St,Hoboken,NJ,Hudson,2,House,9,1278038,Closed,171,4/12/26,13:30,follow-up,completed,,,,,,,,,,7030,Hoboken,1,Hoboken High,800 Clinton St,Hoboken,NJ,Hudson,7030,1,train
172,7,White Plains Office,10 Main St,White Plains,NY,10601,(914) 555-1717,41,Gwendolyn,Bridges,Agent,PT,6/2/24,gwendolynbridges@dreamhomesnyc.com,914-555-0041,1041,6/2/24,6/2/26,NY,41,Ryan,Cooper,,,5551410041,ryan.cooper41@email.com,Individual,1171,NY,White Plains,10601,5,Co-op,4,2,5,Doorman,122,10601,26B,437,Mamaroneck Ave,White Plains,NY,Westchester,2,House,122,1132063,Active,172,4/13/26,12:00,late showing,completed,172,1154954.29,28942.49,4/7/26,sale,buyer,,,,10601,Downtown White Plains,7,White Plains HS,550 North St,White Plains,NY,Westchester,10601,7,subway
173,5,Chelsea Office,456 8th Ave,New York,NY,10001,2125551515,29,Reese,Chapman,Agent,PT,6/5/19,reesechapman@dreamhomesnyc.com,2125550029,1029,6/5/19,6/5/21,NY,63,Lina,Morris,,,5551630063,lina.morris63@email.com,Individual,1172,NY,New York,10001,1,Condo,2,1,4,Elevator,90,10001,5A,846,8th Ave,New York,NY,New York,2,House,90,526136,Closed,173,4/14/26,13:30,commuting buyer,Canceled,173,516809.18,11714.4,4/8/26,sale,seller,,,,10001,Chelsea,5,PS 33,281 9th Ave,New York,NY,New York,10001,5,ferry
174,9,Greenwich Office,40 Field Point Rd,Greenwich,CT,6830,2035551919,51,Jakob,Calhoun,Agent,FT,4/22/20,jakobcalhoun@dreamhomesnyc.com,2035550051,1051,4/22/20,4/22/22,CT,126,Noah,Kim,,,5552260126,noah.kim126@email.com,Individual,1173,CT,Brooklyn,6830,3,Apartment,1,3,,,147,6830,,374,Putnam Ave,Greenwich,CT,Fairfield,2,House,147,1546849,Pending,,,,,,,,,,,,,,,6830,Greenwich Ave,9,Greenwich High,10 Hillside Rd,Greenwich,CT,Fairfield,6830,9,bus
175,5,Chelsea Office,456 8th Ave,New York,NY,10001,2125551515,26,Beckett,Delgado,Senior Agent,FT,3/26/23,beckettdelgado@dreamhomesnyc.com,2125550026,1026,3/26/23,3/26/25,NY,77,,,North Elm Partners,87-1000077,5551770077,deals77@northelmpartners.com,Corporation,1174,NY,New Haven,7302,5,Co-op,1,3,4,Elevator,74,10001,10A,304,W 28th St,New York,NY,New York,1,Condo,74,457100,Active,175,4/16/26,12:00,follow-up,canceled,,,,,,,,,,10001,Chelsea,5,PS 33,281 9th Ave,New York,NY,New York,10001,5,subway
176,6,Brooklyn Heights Office,200 Montague Street,Brooklyn,NY,11201,7185551616,32,Titan,Griffin,Senior Agent,FT,9/11/22,titangriffin@dreamhomesnyc.com,7185550032,1032,9/11/22,9/11/24,NY,160,Ivy,Bailey,,,5552600160,ivy.bailey160@email.com,Individual,1175,NY,Greenwich,11201,2,House,4,3,,,107,11201,,684,Joralemon St,Brooklyn,NY,Kings,2,House,107,1765225,Active,176,4/17/26,13:30,investor inquiry,completed,,,,,,,,,,11201,Brooklyn Heights,6,Brooklyn Heights Prep,50 Court St,Brooklyn,NY,Kings,11201,6,bus
177,8,Stamford Office,300 Atlantic St,Stamford,CT,6901,2035551818,47,Jaylah,Hodges,Agent,PT,12/14/23,jaylahhodges@dreamhomesnyc.com,2035550047,1047,12/14/23,12/14/25,CT,119,,,Atlas Property Group,40-1000119,5552190119,deals119@atlaspropertygroup.com,Corporation,1176,CT,Stamford,10001,4,Townhouse,2,1,,,134,6901,,579,Summer St,Stamford,CT,Fairfield,4,Townhouse,134,812932,Active,177,4/18/26,12:00,family interested in schools,scheduled,177,775127.9,17601.43,4/12/26,sale,seller,,,,6901,Downtown Stamford,8,Stamford HS,55 Strawberry Hill Ave,Stamford,CT,Fairfield,6901,8,bus
178,7,White Plains Office,10 Main Street,White Plains,NY,10601,9145551717,39,Zariyah,Gould,Agent,FT,4/25/22,zariyahgould@dreamhomesnyc.com,9145550039,1039,4/25/22,4/25/24,NY,10,Ivy,Lopez,,,5551100010,ivy.lopez10@email.com,Individual,1177,NY,White Plains,10601,3,Apartment,4,3,4,Elevator,109,10601,,631,Mamaroneck Ave,White Plains,NY,Westchester,3,Apartment,109,3603,Active,,,,repeat row,,178,3677.53,91.4,4/13/26,sale,seller,,,,10601,Downtown White Plains,7,White Plains HS,550 North St,White Plains,NY,Westchester,10601,7,bus
179,10,NEW HAVEN OFFICE,275 Chapel St,New Haven,CT,6510,2035552020,57,Shepherd,Clark,Agent,FT,10/7/19,shepherdclark@dreamhomesnyc.com,2035550057,1057,10/7/19,10/7/21,CT,24,Jason,Doe,,,5551240024,jason.doe24@email.com,Individual,1178,CT,Montclair,6510,2,House,3,1,5,Doorman,172,6510,,499,Chapel St,New Haven,CT,New Haven,2,House,172,489613,Pending,179,4/20/26,9:00,family interested in schools,completed,179,504628.81,21754.91,4/14/26,rental,renter,,,,6510,Downtown New Haven,10,Hillhouse HS,480 Sherman Pkwy,New Haven,CT,New Haven,6510,10,train
180,4,Princeton Office,55 Nassau St,Princeton,NJ,8542,6095551414,23,Ellianna,Nixon,Agent,PT,12/20/20,elliannanixon@dreamhomesnyc.com,6095550023,1023,12/20/20,12/20/22,NJ,45,Leah,Foster,,,5551450045,leah.foster45@email.com,Individual,1179,NJ,Princeton,8542,1,Condo,2,3,4,Elevator,56,8542,10B,942,Witherspoon St,Princeton,NJ,Mercer,5,Co-op,56,1510014,Withdrawn,180,4/21/26,10:30,investor inquiry,Completed,,,,,,,,,,8542,Princeton Center,4,Princeton High,151 Moore St,Princeton,NJ,Mercer,8542,4,subway
181,1,Hoboken Office,123 River St,Hoboken,NJ,7030,2015551111,5,Raelynn,Singh,Agent,PT,6/11/23,raelynnsingh@dreamhomesnyc.com,2015550005,1005,6/11/23,6/11/25,NJ,156,Noah,Flores,,,5552560156,noah.flores156@email.com,Individual,1180,NJ,Hoboken,8542,2,House,2,2,6,Laundry,6,7030,,681,Hudson St,Hoboken,NJ,Hudson,2,House,6,799811,Active,181,4/22/26,10:30,virtual tour,scheduled,181,836662.13,63597.12,3/2/26,rental,renter,,,,7030,Hoboken,1,Hoboken High,800 Clinton St,Hoboken,NJ,Hudson,7030,1,ferry
182,5,Chelsea Office,456 8th Ave,New York,NY,10001,2125551515,28,Finn,Woods,Agent,FT,5/3/18,finnwoods@dreamhomesnyc.com,2125550028,1028,5/3/18,5/3/20,NY,42,Nina,Ward,,,5551420042,nina.ward42@email.com,Individual,1181,CT,New York,10601,3,Apartment,1,2,,,77,10001,28B,288,W 26th St,New York,NY,New York,1,Condo,77,480585,Pending,182,4/23/26,9:00,price sensitive,Canceled,,,,,,,,,,10001,Chelsea,5,PS 33,281 9th Ave,New York,NY,New York,10001,5,ferry
183,7,White Plains Office,10 Main St,White Plains,NY,10601,(914) 555-1717,40,Blaine,McKinney,Agent,FT,5/27/23,blainemckinney@dreamhomesnyc.com,914-555-0040,1040,5/27/23,5/27/25,NY,196,Miles,Ng,,,5552960196,miles.ng196@email.com,Individual,1182,NY,White Plains,7042,2,House,1,2,5,Doorman,117,10601,,541,Mamaroneck Ave,White Plains,NY,Westchester,2,House,117,858955,Active,183,4/24/26,17:15,price sensitive,completed,,,,,,,,,,10601,Downtown White Plains,7,White Plains HS,550 North St,White Plains,NY,Westchester,10601,7,ferry
184,7,White Plains Office,10 Main Street,White Plains,NY,10601,9145551717,38,Abner,Booth,Senior Agent,FT,3/23/21,abnerbooth@dreamhomesnyc.com,9145550038,1038,3/23/21,3/23/23,NY,67,Sophia,Bell,,,5551670067,sophia.bell67@email.com,Individual,1183,NY,White Plains,10601,2,House,1,2,,,123,10601,,881,Main St,White Plains,NY,Westchester,2,House,123,514768,Pending,,,,repeat row,,184,527806.99,15529.85,3/5/26,sale,buyer,,,,10601,Downtown White Plains,7,White Plains HS,550 North St,White Plains,NY,Westchester,10601,7,subway
185,4,Princeton Office,55 Nassau Street,Princeton,NJ,8542,6095551414,20,Harlem,Good,Senior Agent,FT,9/14/24,harlemgood@dreamhomesnyc.com,6095550020,1020,9/14/24,9/14/26,NJ,44,,,Harborview Capital,54-1000044,5551440044,deals44@harborviewcapital,Corporation,1184,NJ,Princeton,7042,1,Condo,2,1,4,Elevator,68,8542,7A,859,Mercer St,Princeton,NJ,Mercer,1,Condo,68,2049864,Closed,185,4/26/26,13:30,virtual tour,Scheduled,185,1964349.99,58135.71,3/6/26,sale,seller,,,,8542,Princeton Center,4,Princeton High,151 Moore St,Princeton,NJ,Mercer,8542,4,subway
186,2,Jersey City Office,90 Hudson Street,Jersey City,NJ,7302,2015551212,9,Kamari,Leblanc,Agent,FT,10/19/20,kamarileblanc@dreamhomesnyc.com,2015550009,1009,10/19/20,10/19/22,NJ,53,Hannah,Garcia,,,5551530053,hannah.garcia53@email.com,Individual,1185,NJ,New York,8542,1,Condo,2,1,4,Elevator,34,7302,14B,276,Grand St,Jersey City,NJ,Hudson,1,Condo,34,1498207,Active,,,,repeat row,,,,,,,,,,,7302,Downtown JC,2,PS 16,96 Sussex St,Jersey City,NJ,Hudson,7302,2,bus
187,1,Hoboken Office,123 River St,Hoboken,NJ,7030,2015551111,2,Bronson,McCullough,Senior Agent,FT,3/5/20,bronsonmccullough@dreamhomesnyc.com,2015550002,1002,3/5/20,3/5/22,NJ,83,Hannah,Scott,,,5551830083,hannah.scott83@email.com,Individual,1186,NY,White Plains,6510,1,Condo,1,3,,,3,7030,,399,River St,Hoboken,NJ,Hudson,1,Condo,3,695561,Active,,,,,,,,,,,,,,,7030,Hoboken,1,Hoboken High,800 Clinton St,Hoboken,NJ,Hudson,7030,1,bus
188,1,Hoboken Office,123 River St,HOBOKEN,NJ,7030,2015551111,2,Bronson,McCullough,Senior Agent,FT,3/5/20,bronsonmccullough@dreamhomesnyc.com,2015550002,1002,3/5/20,3/5/22,NJ,159,Owen,Morris,,,5552590159,owen.morris159@email.com,Individual,1187,NJ,BROOKLYN,7030,1,Condo,3,1,4,Elevator,2,7030,35B,213,Washington St,Hoboken,NJ,Hudson,5,Co-op,2,1121029,Withdrawn,188,4/29/26,12:00,commuting buyer,Completed,,,,,,,,,,7030,Hoboken,1,Hoboken High,800 Clinton St,Hoboken,NJ,Hudson,7030,1,subway
189,6,Brooklyn Heights Office,200 Montague St,Brooklyn,NY,11201,7185551616,33,Charlie,Colon,Agent,FT,10/13/23,charliecolon@dreamhomesnyc.com,7185550033,1033,10/13/23,10/13/25,NY,68,,,Harborview Capital,78-1000068,5551680068,deals68@harborviewcapital,Corporation,1188,NY,New York,11201,1,Condo,1,2,5,Doorman,93,11201,8A,804,Court St,Brooklyn,NY,Kings,1,Condo,93,551716,Pending,,,,,,,,,,,,,,,11201,Brooklyn Heights,6,Brooklyn Heights Prep,50 Court St,Brooklyn,NY,Kings,11201,6,train
190,3,Montclair Office,18 Bloomfield Ave,Montclair,NJ,7042,9735551313,16,Wesson,Yates,Agent,FT,5/6/20,wessonyates@dreamhomesnyc.com,9735550016,1016,5/6/20,5/6/22,NJ,47,Ruby,Price,,,5551470047,ruby.price47@email.com,Individual,1189,NJ,Montclair,10601,4,Townhouse,2,1,4,Elevator,39,7042,,259,Park St,Montclair,NJ,Essex,4,Townhouse,39,1118317,Active,190,5/1/26,17:15,price sensitive,Scheduled,190,1071723.48,26397.49,3/11/26,sale,buyer,,,,7042,Upper Montclair,3,Montclair High,100 Chestnut St,Montclair,NJ,Essex,7042,3,ferry
191,9,Greenwich Office,40 Field Point Rd,Greenwich,CT,6830,2035551919,53,Dayton,Prince,Agent,PT,6/26/22,daytonprince@dreamhomesnyc.com,2035550053,1053,6/26/22,6/26/24,CT,55,,,Atlas Property Group,65-1000055,5551550055,deals55@atlaspropertygroup.com,Corporation,1190,CT,Greenwich,7042,5,Co-op,1,1,1,Gym,145,6830,12B,587,Putnam Ave,Greenwich,CT,Fairfield,5,Co-op,145,2532241,Closed,191,5/2/26,17:15,follow-up,scheduled,,,,,,,,,,6830,Greenwich Ave,9,Greenwich High,10 Hillside Rd,Greenwich,CT,Fairfield,6830,9,train
192,3,Montclair Office,18 Bloomfield Ave,Montclair,NJ,7042,9735551313,17,Charley,Houston,Agent,PT,6/8/21,charleyhouston@dreamhomesnyc.com,9735550017,1017,6/8/21,6/8/23,NJ,118,Dylan,Cole,,,5552180118,dylan.cole118@email.com,Individual,1191,CT,Montclair,10001,5,Co-op,1,2,3,Parking,40,7042,7A,20,Valley Rd,Montclair,NJ,Essex,5,Co-op,40,1394993,Active,,,,,,,,,,,,,,,7042,Upper Montclair,3,Montclair High,100 Chestnut St,Montclair,NJ,Essex,7042,3,ferry
193,4,Princeton Office,55 Nassau St,Princeton,NJ,8542,6095551414,24,Cory,Dunn,Transaction Coordinator,FT,1/22/21,corydunn@dreamhomesnyc.com,6095550024,,,,,73,Paul,Roe,,,5551730073,paul.roe73@email.com,Individual,1192,NJ,Princeton,8542,4,Townhouse,1,2,4,Elevator,55,8542,,54,Witherspoon St,Princeton,NJ,Mercer,4,Townhouse,55,1118987,Closed,193,5/4/26,10:30,price sensitive,scheduled,,,,,,,,,,8542,Princeton Center,4,Princeton High,151 Moore St,Princeton,NJ,Mercer,8542,4,ferry
194,2,Jersey City Office,90 Hudson Street,Jersey City,NJ,7302,2015551212,11,Nayeli,Robertson,Agent,PT,12/23/22,nayelirobertson@dreamhomesnyc.com,2015550011,1011,12/23/22,12/23/24,NJ,111,Zoe,Morris,,,5552110111,zoe.morris111@email.com,Individual,1193,NY,New Haven,7302,3,Apartment,2,3,3,Parking,31,7302,18A,353,Grand St,Jersey City,NJ,Hudson,3,Apartment,31,6416,Active,194,5/5/26,13:30,follow-up,scheduled,,,,,,,,,,7302,Downtown JC,2,PS 16,96 Sussex St,Jersey City,NJ,Hudson,7302,2,subway
195,2,Jersey City Office,90 Hudson St,Jersey City,NJ,7302,(201) 555-1212,10,Braden,Cross,Agent,FT,11/21/21,bradencross@dreamhomesnyc.com,201-555-0010,1010,11/21/21,11/21/23,NJ,88,,,Acme Holdings,98-1000088,5551880088,deals88@acmeholdings,Corporation,1194,CT,Jersey City,7042,5,Co-op,4,3,,,24,7302,38B,128,Grand St,Jersey City,NJ,Hudson,1,Condo,24,1325550,Closed,195,5/6/26,10:30,price sensitive,Canceled,,,,,,,,,,7302,Downtown JC,2,PS 16,96 Sussex St,Jersey City,NJ,Hudson,7302,2,train
196,8,Stamford Office,300 Atlantic St,Stamford,CT,6901,2035551818,46,Darius,Beasley,Agent,FT,11/12/22,dariusbeasley@dreamhomesnyc.com,2035550046,1046,11/12/22,11/12/24,CT,12,Nina,Flores,,,5551120012,nina.flores12@email.com,Individual,1195,CT,Stamford,6901,1,Condo,4,3,,,142,6901,,27,Broad St,Stamford,CT,Fairfield,1,Condo,142,1599715,Active,196,5/7/26,9:00,virtual tour,Completed,,,,,,,,,,6901,Downtown Stamford,8,Stamford HS,55 Strawberry Hill Ave,Stamford,CT,Fairfield,6901,8,bus
197,6,Brooklyn Heights Office,200 Montague Street,Brooklyn,NY,11201,7185551616,33,Charlie,Colon,Agent,FT,10/13/23,charliecolon@dreamhomesnyc.com,7185550033,1033,10/13/23,10/13/25,NY,81,Zoe,Baker,,,5551810081,zoe.baker81@email.com,Individual,1196,NY,Brooklyn,6510,3,Apartment,1,1,,,107,11201,,684,Joralemon St,Brooklyn,NY,Kings,2,House,107,1765225,Active,197,5/8/26,13:30,First showing,Scheduled,,,,,,,197,4/27/26,14:00,11201,Brooklyn Heights,6,Brooklyn Heights Prep,50 Court St,Brooklyn,NY,Kings,11201,6,bus
198,10,New Haven Office,275 Chapel St,New Haven,CT,6510,2035552020,59,Sergio,Harrison,Agent,PT,12/11/21,sergioharrison@dreamhomesnyc.com,2035550059,1059,12/11/21,12/11/23,CT,186,Noah,Ward,,,5552860186,noah.ward186@email.com,Individual,1197,CT,New Haven,11201,3,Apartment,4,2,2,Pool,169,6510,,858,Orange St,New Haven,CT,New Haven,3,Apartment,169,3894,Active,198,5/9/26,9:00,family interested in schools,Scheduled,198,3951.87,240.02,3/19/26,rental,renter,,,,6510,Downtown New Haven,10,Hillhouse HS,480 Sherman Pkwy,New Haven,CT,New Haven,6510,10,train
199,2,Jersey City Office,90 Hudson St,Jersey City,NJ,7302,2015551212,10,Braden,Cross,Agent,FT,11/21/21,bradencross@dreamhomesnyc.com,2015550010,1010,11/21/21,11/21/23,NJ,119,,,Atlas Property Group,40-1000119,5552190119,deals119@atlaspropertygroup.com,Corporation,1198,NJ,Jersey City,7302,4,Townhouse,2,2,3,Parking,23,7302,8A,368,Grand St,Jersey City,NJ,Hudson,4,Townhouse,23,1044207,Withdrawn,199,5/10/26,13:30,First showing,canceled,199,1040799.64,28984.39,3/20/26,sale,seller,,,,7302,Downtown JC,2,PS 16,96 Sussex St,Jersey City,NJ,Hudson,7302,2,subway
200,1,Hoboken Office,123 River Street,Hoboken,NJ,7030,2015551111,4,Arturo,Russell,Agent,FT,5/9/22,arturorussell@dreamhomesnyc.com,2015550004,1004,5/9/22,5/9/24,NJ,125,Eva,Garcia,,,5552250125,eva.garcia125@email.com,Individual,1199,NJ,Stamford,7030,4,Townhouse,1,2,6,Laundry,10,7030,18A,845,River St,Hoboken,NJ,Hudson,4,Townhouse,10,1226510,Withdrawn,200,4/1/26,13:30,follow-up,scheduled,,,,,,,,,,7030,Hoboken,1,Hoboken High,800 Clinton St,Hoboken,NJ,Hudson,7030,1,ferry
201,1,HOBOKEN OFFICE,123 River St,Hoboken,NJ,7030,2015551111,5,Raelynn,Singh,Agent,PT,6/11/23,raelynnsingh@dreamhomesnyc.com,2015550005,1005,6/11/23,6/11/25,NJ,186,Noah,Ward,,,5552860186,noah.ward186@email.com,Individual,1200,NJ,Hoboken,7030,2,House,4,2,4,Elevator,6,7030,,681,Hudson St,Hoboken,NJ,Hudson,2,House,6,799811,Active,201,4/2/26,12:00,commuting buyer,scheduled,,,,,,,,,,7030,Hoboken,1,Hoboken High,800 Clinton St,Hoboken,NJ,Hudson,7030,1,ferry
202,3,Montclair Office,18 Bloomfield Ave,montclair,NJ,7042,9735551313,14,Franklin,Foley,Senior Agent,FT,3/2/18,franklinfoley@dreamhomesnyc.com,9735550014,1014,3/2/18,3/2/20,NJ,73,Paul,Roe,,,5551730073,paul.roe73@email.com,Individual,1201,NJ,MONTCLAIR,7042,3,Apartment,1,3,4,Elevator,42,7042,18A,132,Valley Rd,Montclair,NJ,Essex,3,Apartment,42,4463,Active,202,4/3/26,10:30,First showing,Scheduled,,,,,,,202,5/2/26,12:00,7042,Upper Montclair,3,Montclair High,100 Chestnut St,Montclair,NJ,Essex,7042,3,subway
203,1,Hoboken Office,123 River St,Hoboken,NJ,7030,2015551111,2,Bronson,McCullough,Senior Agent,FT,3/5/20,bronsonmccullough@dreamhomesnyc.com,2015550002,1002,3/5/20,3/5/22,NJ,30,John,Kim,,,5551300030,john.kim30@email.com,Individual,1202,NJ,Hoboken,7030,5,Co-op,2,2,2,Pool,17,7030,,93,Hudson St,Hoboken,NJ,Hudson,5,Co-op,17,923432,Active,,,,,,,,,,,,,,,7030,Hoboken,1,Hoboken High,800 Clinton St,Hoboken,NJ,Hudson,7030,1,bus
204,7,White Plains Office,10 Main Street,White Plains,NY,10601,9145551717,37,Nala,Compton,Manager,FT,2/21/20,nalacompton@dreamhomesnyc.com,9145550037,,,,,28,Dylan,Ng,,,5551280028,dylan.ng28@email.com,Individual,1203,CT,Jersey City,7030,5,Co-op,1,1,3,Parking,113,10601,4A,706,Main St,White Plains,NY,Westchester,5,Co-op,113,708727,Active,204,4/5/26,15:00,virtual tour,Scheduled,204,689404.5,19747.1,3/25/26,sale,buyer,,,,10601,Downtown White Plains,7,White Plains HS,550 North St,White Plains,NY,Westchester,10601,7,ferry
205,1,Hoboken Office,123 River Street,Hoboken,NJ,7030,2015551111,2,Bronson,McCullough,Senior Agent,FT,3/5/20,bronsonmccullough@dreamhomesnyc.com,2015550002,1002,3/5/20,3/5/22,NJ,122,Mark,Lee,,,5552220122,mark.lee122@email.com,Individual,1204,NJ,Hoboken,7030,5,Co-op,2,2,5,Doorman,2,7030,35B,213,Washington St,Hoboken,NJ,Hudson,5,Co-op,2,1121029,Withdrawn,205,4/6/26,10:30,price sensitive,scheduled,,,,,,,,,,7030,Hoboken,1,Hoboken High,800 Clinton St,Hoboken,NJ,Hudson,7030,1,subway
206,1,Hoboken Office,123 River St,Hoboken,NJ,7030,2015551111,3,Hana,Mora,Agent,FT,4/7/21,hanamora@dreamhomesnyc.com,2015550003,1003,4/7/21,4/7/23,NJ,198,,,Pine Street Ventures,30-1000198,5552980198,deals198@pinestreetventures,Corporation,1205,NJ,Jersey City,7030,5,Co-op,1,2,6,Laundry,8,7030,25A,778,Hudson St,Hoboken,NJ,Hudson,5,Co-op,8,1105884,Closed,206,4/7/26,15:00,First showing,completed,,,,,,,,,,7030,Hoboken,1,Hoboken High,800 Clinton St,Hoboken,NJ,Hudson,7030,1,bus
207,5,Chelsea Office,456 8th Ave,New York,NY,10001,(212) 555-1515,25,Olive,Knight,Manager,FT,2/24/22,oliveknight@dreamhomesnyc.com,212-555-0025,,,,,72,Nina,Doe,,,5551720072,nina.doe72@email.com,Individual,1206,CT,White Plains,10001,3,Apartment,3,3,,,81,10001,,807,8th Ave,New York,NY,New York,3,Apartment,81,4696,Active,,,,,,,,,,,,,,,10001,Chelsea,5,PS 33,281 9th Ave,New York,NY,New York,10001,5,train
208,1,Hoboken Office,123 River Street,Hoboken,NJ,7030,2015551111,4,Arturo,Russell,Agent,FT,5/9/22,arturorussell@dreamhomesnyc.com,2015550004,1004,5/9/22,5/9/24,NJ,100,Ivy,Ng,,,5552000100,ivy.ng100@email.com,Individual,1207,CT,Greenwich,10001,4,Townhouse,3,3,1,Gym,10,7030,18A,845,River St,Hoboken,NJ,Hudson,4,Townhouse,10,1226510,Withdrawn,208,4/9/26,15:00,investor inquiry,Completed,,,,,,,,,,7030,Hoboken,1,Hoboken High,800 Clinton St,Hoboken,NJ,Hudson,7030,1,ferry
209,1,Hoboken Office,123 River St,Hoboken,NJ,7030,2015551111,3,Hana,Mora,Agent,FT,4/7/21,hanamora@dreamhomesnyc.com,2015550003,1003,4/7/21,4/7/23,NJ,161,Ryan,Cooper,,,5552610161,ryan.cooper161@email.com,Individual,1208,NJ,Hoboken,7302,3,Apartment,3,1,5,Doorman,16,7030,,68,River St,Hoboken,NJ,Hudson,3,Apartment,16,7266,Active,209,4/10/26,17:15,family interested in schools,Canceled,,,,,,,,,,7030,Hoboken,1,Hoboken High,800 Clinton St,Hoboken,NJ,Hudson,7030,1,subway
210,6,Brooklyn Heights Office,200 Montague St,Brooklyn,NY,11201,7185551616,35,Allison,Chung,Agent,PT,12/17/18,allisonchung@dreamhomesnyc.com,7185550035,1035,12/17/18,12/17/20,NY,64,Chris,Bailey,,,5551640064,chris.bailey64@email.com,Individual,1209,NY,Brooklyn,11201,4,Townhouse,1,1,,,97,11201,,965,Court St,Brooklyn,NY,Kings,3,Apartment,97,3619,Closed,210,4/11/26,10:30,virtual tour,Completed,,,,,,,,,,11201,Brooklyn Heights,6,Brooklyn Heights Prep,50 Court St,Brooklyn,NY,Kings,11201,6,ferry
211,9,Greenwich Office,40 Field Point Rd,Greenwich,CT,6830,2035551919,52,Thalia,Sierra,Agent,FT,5/24/21,thaliasierra@dreamhomesnyc.com,2035550052,1052,5/24/21,5/24/23,CT,200,Mason,Chen,,,5553000200,mason.chen200@email.com,Individual,1210,CT,Greenwich,6830,1,Condo,2,2,,,151,6830,26B,148,Mason St,Greenwich,CT,Fairfield,1,Condo,151,1742432,Active,211,4/12/26,17:15,virtual tour,Completed,,,,,,,,,,6830,Greenwich Ave,9,Greenwich High,10 Hillside Rd,Greenwich,CT,Fairfield,6830,9,bus
212,10,New Haven Office,275 Chapel St,New Haven,CT,6510,2035552020,57,Shepherd,Clark,Agent,FT,10/7/19,shepherdclark@dreamhomesnyc.com,2035550057,1057,10/7/19,10/7/21,CT,122,Mark,Lee,,,5552220122,mark.lee122@email.com,Individual,1211,CT,New Haven,6510,1,Condo,3,2,5,Doorman,178,6510,24A,725,Orange St,New Haven,CT,New Haven,3,Apartment,178,8399,Active,212,4/13/26,12:00,investor inquiry,Canceled,,,,,,,,,,6510,Downtown New Haven,10,Hillhouse HS,480 Sherman Pkwy,New Haven,CT,New Haven,6510,10,train
213,3,Montclair Office,18 Bloomfield Ave,Montclair,NJ,7042,9735551313,16,Wesson,Yates,Agent,FT,5/6/20,wessonyates@dreamhomesnyc.com,9735550016,1016,5/6/20,5/6/22,NJ,13,Paul,Reed,,,5551130013,paul.reed13@email.com,Individual,1212,NY,Princeton,7042,1,Condo,1,3,,,37,7042,22A,723,Park St,Montclair,NJ,Essex,1,Condo,37,1049186,Closed,213,4/14/26,13:30,late showing,scheduled,,,,,,,,,,7042,Upper Montclair,3,Montclair High,100 Chestnut St,Montclair,NJ,Essex,7042,3,train
214,2,JERSEY CITY OFFICE,90 Hudson St,Jersey City,NJ,7302,2015551212,9,Kamari,Leblanc,Agent,FT,10/19/20,kamarileblanc@dreamhomesnyc.com,2015550009,1009,10/19/20,10/19/22,NJ,118,Dylan,Cole,,,5552180118,dylan.cole118@email.com,Individual,1213,CT,Jersey City,11201,5,Co-op,3,3,5,Doorman,36,7302,23A,631,Marin Blvd,Jersey City,NJ,Hudson,5,Co-op,36,1306794,Pending,214,4/15/26,17:15,virtual tour,canceled,,,,,,,,,,7302,Downtown JC,2,PS 16,96 Sussex St,Jersey City,NJ,Hudson,7302,2,bus
215,8,Stamford Office,300 Atlantic St,Stamford,CT,6901,2035551818,46,Darius,Beasley,Agent,FT,11/12/22,dariusbeasley@dreamhomesnyc.com,2035550046,1046,11/12/22,11/12/24,CT,165,,,North Elm Partners,86-1000165,5552650165,deals165@northelmpartners.com,Corporation,1214,CT,Stamford,6510,5,Co-op,3,1,6,Laundry,144,6901,32B,729,Atlantic St,Stamford,CT,Fairfield,1,Condo,144,1497196,Closed,,,,,,215,1409920.89,40042.71,4/5/26,sale,buyer,,,,6901,Downtown Stamford,8,Stamford HS,55 Strawberry Hill Ave,Stamford,CT,Fairfield,6901,8,bus
216,2,JERSEY CITY OFFICE,90 Hudson St,Jersey City,NJ,7302,2015551212,11,Nayeli,Robertson,Agent,PT,12/23/22,nayelirobertson@dreamhomesnyc.com,2015550011,1011,12/23/22,12/23/24,NJ,83,Hannah,Scott,,,5551830083,hannah.scott83@email.com,Individual,1215,NJ,Jersey City,7030,2,House,1,2,1,Gym,22,7302,6A,895,Grove St,Jersey City,NJ,Hudson,2,House,22,1048321,Closed,216,4/17/26,9:00,price sensitive,canceled,216,1009533.03,23393.12,4/6/26,sale,seller,,,,7302,Downtown JC,2,PS 16,96 Sussex St,Jersey City,NJ,Hudson,7302,2,subway
217,3,Montclair Office,18 Bloomfield Ave,Montclair,NJ,7042,9735551313,17,Charley,Houston,Agent,PT,6/8/21,charleyhouston@dreamhomesnyc.com,9735550017,1017,6/8/21,6/8/23,NJ,15,Leah,Morris,,,5551150015,leah.morris15@email.com,Individual,1216,NJ,Montclair,7042,3,Apartment,2,1,2,Pool,47,7042,10B,567,Bloomfield Ave,Montclair,NJ,Essex,1,Condo,47,773982,Pending,217,4/18/26,15:00,commuting buyer,Scheduled,217,749717.88,19978.79,4/7/26,sale,buyer,,,,7042,Upper Montclair,3,Montclair High,100 Chestnut St,Montclair,NJ,Essex,7042,3,subway
218,1,Hoboken Office,123 River St,Hoboken,NJ,7030,2015551111,4,Arturo,Russell,Agent,FT,5/9/22,arturorussell@dreamhomesnyc.com,2015550004,1004,5/9/22,5/9/24,NJ,151,Jane,Allen,,,5552510151,jane.allen151@email.com,Individual,1217,NJ,Hoboken,7030,3,Apartment,3,2,,,5,7030,,483,Hudson St,Hoboken,NJ,Hudson,2,House,5,1367870,Closed,,,,,,,,,,,,,,,7030,Hoboken,1,Hoboken High,800 Clinton St,Hoboken,NJ,Hudson,7030,1,subway
219,8,Stamford Office,300 Atlantic St,Stamford,CT,6901,2035551818,47,Jaylah,Hodges,Agent,PT,12/14/23,jaylahhodges@dreamhomesnyc.com,2035550047,1047,12/14/23,12/14/25,CT,116,Ethan,Ross,,,5552160116,ethan.ross116@email.com,Individual,1218,CT,New Haven,6901,1,Condo,1,2,,,138,6901,32B,277,Summer St,Stamford,CT,Fairfield,3,Apartment,138,4412,Pending,,,,,,219,4562.31,184.65,4/9/26,rental,owner,,,,6901,Downtown Stamford,8,Stamford HS,55 Strawberry Hill Ave,Stamford,CT,Fairfield,6901,8,train
220,5,CHELSEA OFFICE,456 8th Ave,New York,NY,10001,2125551515,28,Finn,Woods,Agent,FT,5/3/18,finnwoods@dreamhomesnyc.com,2125550028,1028,5/3/18,5/3/20,NY,179,Sara,Scott,,,5552790179,sara.scott179@email.com,Individual,1219,NY,New York,10001,1,Condo,2,1,6,Laundry,77,10001,28B,288,W 26th St,New York,NY,New York,1,Condo,77,480585,Pending,,,,,,,,,,,,,,,10001,Chelsea,5,PS 33,281 9th Ave,New York,NY,New York,10001,5,ferry
221,10,New Haven Office,275 Chapel St,New Haven,CT,6510,2035552020,57,Shepherd,Clark,Agent,FT,10/7/19,shepherdclark@dreamhomesnyc.com,2035550057,1057,10/7/19,10/7/21,CT,54,Jason,Kim,,,5551540054,jason.kim54@email.com,Individual,1220,CT,New Haven,6510,2,House,4,1,2,Pool,170,6510,11B,715,Chapel St,New Haven,CT,New Haven,2,House,170,1005993,Active,221,4/22/26,17:15,virtual tour,scheduled,,,,,,,,,,6510,Downtown New Haven,10,Hillhouse HS,480 Sherman Pkwy,New Haven,CT,New Haven,6510,10,train
222,10,New Haven Office,275 Chapel St,New Haven,CT,6510,(203) 555-2020,57,Shepherd,Clark,Agent,FT,10/7/19,shepherdclark@dreamhomesnyc.com,203-555-0057,1057,10/7/19,10/7/21,CT,32,Mark,Chen,,,5551320032,mark.chen32@email.com,Individual,1221,CT,New Haven,6510,2,House,4,1,1,Gym,172,6510,,499,Chapel St,New Haven,CT,New Haven,2,House,172,489613,Pending,222,4/23/26,9:00,investor inquiry,Canceled,222,496205.77,13491.47,4/12/26,sale,buyer,222,4/17/26,14:00,6510,Downtown New Haven,10,Hillhouse HS,480 Sherman Pkwy,New Haven,CT,New Haven,6510,10,train
223,4,Princeton Office,55 Nassau St,PRINCETON,NJ,8542,6095551414,22,Trey,Kane,Agent,FT,11/18/19,treykane@dreamhomesnyc.com,6095550022,1022,11/18/19,11/18/21,NJ,181,Jane,Reed,,,5552810181,jane.reed181@email.com,Individual,1222,NJ,PRINCETON,10601,1,Condo,2,3,6,Laundry,72,8542,,822,Mercer St,Princeton,NJ,Mercer,1,Condo,72,1667829,Active,223,4/24/26,17:15,price sensitive,Scheduled,,,,,,,,,,8542,Princeton Center,4,Princeton High,151 Moore St,Princeton,NJ,Mercer,8542,4,subway
224,8,STAMFORD OFFICE,300 Atlantic St,Stamford,CT,6901,2035551818,47,Jaylah,Hodges,Agent,PT,12/14/23,jaylahhodges@dreamhomesnyc.com,2035550047,1047,12/14/23,12/14/25,CT,71,Ryan,Price,,,5551710071,ryan.price71@email.com,Individual,1223,CT,Greenwich,6830,1,Condo,2,1,4,Elevator,134,6901,,579,Summer St,Stamford,CT,Fairfield,4,Townhouse,134,812932,Active,224,4/25/26,17:15,virtual tour,scheduled,,,,,,,,,,6901,Downtown Stamford,8,Stamford HS,55 Strawberry Hill Ave,Stamford,CT,Fairfield,6901,8,bus
225,6,Brooklyn Heights Office,200 Montague Street,Brooklyn,NY,11201,7185551616,33,Charlie,Colon,Agent,FT,10/13/23,charliecolon@dreamhomesnyc.com,7185550033,1033,10/13/23,10/13/25,NY,81,Zoe,Baker,,,5551810081,zoe.baker81@email.com,Individual,1224,NY,Brooklyn,11201,4,Townhouse,1,1,2,Pool,108,11201,,920,Joralemon St,Brooklyn,NY,Kings,4,Townhouse,108,1371150,Active,225,4/26/26,12:00,investor inquiry,Scheduled,,,,,,,225,4/20/26,14:00,11201,Brooklyn Heights,6,Brooklyn Heights Prep,50 Court St,Brooklyn,NY,Kings,11201,6,bus
226,9,Greenwich Office,40 Field Point Rd,Greenwich,CT,6830,2035551919,51,Jakob,Calhoun,Agent,FT,4/22/20,jakobcalhoun@dreamhomesnyc.com,2035550051,1051,4/22/20,4/22/22,CT,65,Eva,Cooper,,,5551650065,eva.cooper65@email.com,Individual,1225,CT,Greenwich,7030,5,Co-op,1,1,6,Laundry,152,6830,,762,Putnam Ave,Greenwich,CT,Fairfield,3,Apartment,152,8184,Closed,226,4/27/26,9:00,follow-up,Scheduled,,,,,,,,,,6830,Greenwich Ave,9,Greenwich High,10 Hillside Rd,Greenwich,CT,Fairfield,6830,9,train
227,2,Jersey City Office,90 Hudson St,Jersey City,NJ,7302,2015551212,9,Kamari,Leblanc,Agent,FT,10/19/20,kamarileblanc@dreamhomesnyc.com,2015550009,1009,10/19/20,10/19/22,NJ,114,Jason,Ward,,,5552140114,jason.ward114@email.com,Individual,1226,NJ,Jersey City,7302,4,Townhouse,1,3,,,33,7302,,354,Marin Blvd,Jersey City,NJ,Hudson,4,Townhouse,33,873061,Active,227,4/28/26,10:30,First showing,scheduled,,,,,,,,,,7302,Downtown JC,2,PS 16,96 Sussex St,Jersey City,NJ,Hudson,7302,2,ferry
228,5,Chelsea Office,456 8th Ave,New York,NY,10001,2125551515,26,Beckett,Delgado,Senior Agent,FT,3/26/23,beckettdelgado@dreamhomesnyc.com,2125550026,1026,3/26/23,3/26/25,NY,173,Hannah,Garcia,,,5552730173,hannah.garcia173@email.com,Individual,1227,NY,New York,10001,5,Co-op,1,3,5,Doorman,87,10001,,105,W 28th St,New York,NY,New York,5,Co-op,87,901589,Active,228,4/29/26,15:00,investor inquiry,Canceled,,,,,,,,,,10001,Chelsea,5,PS 33,281 9th Ave,New York,NY,New York,10001,5,bus
229,4,Princeton Office,55 Nassau St,PRINCETON,NJ,8542,6095551414,20,Harlem,Good,Senior Agent,FT,9/14/24,harlemgood@dreamhomesnyc.com,6095550020,1020,9/14/24,9/14/26,NJ,12,Nina,Flores,,,5551120012,nina.flores12@email.com,Individual,1228,NJ,PRINCETON,8542,3,Apartment,2,3,3,Parking,63,8542,,835,Witherspoon St,Princeton,NJ,Mercer,4,Townhouse,63,1095188,Active,229,4/30/26,12:00,late showing,Scheduled,,,,,,,,,,8542,Princeton Center,4,Princeton High,151 Moore St,Princeton,NJ,Mercer,8542,4,bus
230,7,White Plains Office,10 Main St,White Plains,NY,10601,9145551717,39,Zariyah,Gould,Agent,FT,4/25/22,zariyahgould@dreamhomesnyc.com,9145550039,1039,4/25/22,4/25/24,NY,52,Leo,Ng,,,5551520052,leo.ng52@email.com,Individual,1229,NY,White Plains,10601,3,Apartment,2,2,3,Parking,109,10601,,631,Mamaroneck Ave,White Plains,NY,Westchester,3,Apartment,109,3603,Active,230,5/1/26,13:30,late showing,Completed,230,3738.51,280.69,3/6/26,rental,renter,,,,10601,Downtown White Plains,7,White Plains HS,550 North St,White Plains,NY,Westchester,10601,7,bus
231,10,New Haven Office,275 Chapel St,New Haven,CT,6510,2035552020,57,Shepherd,Clark,Agent,FT,10/7/19,shepherdclark@dreamhomesnyc.com,2035550057,1057,10/7/19,10/7/21,CT,160,Ivy,Bailey,,,5552600160,ivy.bailey160@email.com,Individual,1230,CT,New Haven,11201,4,Townhouse,1,2,,,178,6510,24A,725,Orange St,New Haven,CT,New Haven,3,Apartment,178,8399,Active,231,5/2/26,15:00,follow-up,Completed,,,,,,,,,,6510,Downtown New Haven,10,Hillhouse HS,480 Sherman Pkwy,New Haven,CT,New Haven,6510,10,train
232,1,Hoboken Office,123 River St,Hoboken,NJ,7030,(201) 555-1111,2,Bronson,McCullough,Senior Agent,FT,3/5/20,bronsonmccullough@dreamhomesnyc.com,201-555-0002,1002,3/5/20,3/5/22,NJ,51,,,Stonebridge Inc,61-1000051,5551510051,deals51@stonebridgeinc.com,Corporation,1231,NJ,Hoboken,7030,1,Condo,3,1,1,Gym,12,7030,,937,River St,Hoboken,NJ,Hudson,1,Condo,12,942004,Closed,232,5/3/26,17:15,price sensitive,scheduled,,,,,,,,,,7030,Hoboken,1,Hoboken High,800 Clinton St,Hoboken,NJ,Hudson,7030,1,subway
233,5,Chelsea Office,456 8th Ave,new york,NY,10001,2125551515,28,Finn,Woods,Agent,FT,5/3/18,finnwoods@dreamhomesnyc.com,2125550028,1028,5/3/18,5/3/20,NY,95,Eva,Price,,,5551950095,eva.price95@email.com,Individual,1232,CT,NEW YORK,10001,5,Co-op,2,1,2,Pool,79,10001,5B,582,W 28th St,New York,NY,New York,5,Co-op,79,1316271,Active,233,5/4/26,13:30,late showing,Canceled,,,,,,,,,,10001,Chelsea,5,PS 33,281 9th Ave,New York,NY,New York,10001,5,train
234,8,Stamford Office,300 Atlantic St,STAMFORD,CT,6901,2035551818,46,Darius,Beasley,Agent,FT,11/12/22,dariusbeasley@dreamhomesnyc.com,2035550046,1046,11/12/22,11/12/24,CT,39,Owen,Morris,,,5551390039,owen.morris39@email.com,Individual,1233,CT,STAMFORD,7042,5,Co-op,2,1,5,Doorman,138,6901,32B,277,Summer St,Stamford,CT,Fairfield,3,Apartment,138,4412,Pending,234,5/5/26,15:00,commuting buyer,completed,,,,,,,,,,6901,Downtown Stamford,8,Stamford HS,55 Strawberry Hill Ave,Stamford,CT,Fairfield,6901,8,train
235,8,Stamford Office,300 Atlantic St,Stamford,CT,6901,(203) 555-1818,44,August,Walsh,Senior Agent,FT,9/8/20,augustwalsh@dreamhomesnyc.com,203-555-0044,1044,9/8/20,9/8/22,CT,184,Chris,Bailey,,,5552840184,chris.bailey184@email.com,Individual,1234,NY,Stamford,6901,5,Co-op,4,1,2,Pool,135,6901,,879,Atlantic St,Stamford,CT,Fairfield,2,House,135,781212,Active,235,5/6/26,12:00,commuting buyer,scheduled,,,,,,,,,,6901,Downtown Stamford,8,Stamford HS,55 Strawberry Hill Ave,Stamford,CT,Fairfield,6901,8,train
236,8,Stamford Office,300 Atlantic St,Stamford,CT,6901,(203) 555-1818,47,Jaylah,Hodges,Agent,PT,12/14/23,jaylahhodges@dreamhomesnyc.com,203-555-0047,1047,12/14/23,12/14/25,CT,193,Paul,Roe,,,5552930193,paul.roe193@email.com,Individual,1235,CT,Stamford,6901,1,Condo,2,3,4,Elevator,141,6901,21A,432,Atlantic St,Stamford,CT,Fairfield,1,Condo,141,1513352,Active,236,5/7/26,13:30,late showing,Canceled,,,,,,,236,5/1/26,12:00,6901,Downtown Stamford,8,Stamford HS,55 Strawberry Hill Ave,Stamford,CT,Fairfield,6901,8,train
237,6,Brooklyn Heights Office,200 Montague St,Brooklyn,NY,11201,7185551616,33,Charlie,Colon,Agent,FT,10/13/23,charliecolon@dreamhomesnyc.com,7185550033,1033,10/13/23,10/13/25,NY,129,Owen,Baker,,,5552290129,owen.baker129@email.com,Individual,1236,NY,Brooklyn,8542,2,House,1,2,3,Parking,92,11201,,150,Montague St,Brooklyn,NY,Kings,2,House,92,1710478,Active,237,5/8/26,17:15,investor inquiry,Completed,,,,,,,,,,11201,Brooklyn Heights,6,Brooklyn Heights Prep,50 Court St,Brooklyn,NY,Kings,11201,6,ferry
238,1,HOBOKEN OFFICE,123 River St,Hoboken,NJ,7030,2015551111,3,Hana,Mora,Agent,FT,4/7/21,hanamora@dreamhomesnyc.com,2015550003,1003,4/7/21,4/7/23,NJ,89,Sara,Cooper,,,5551890089,sara.cooper89@email.com,Individual,1237,NY,New Haven,7030,1,Condo,3,1,2,Pool,3,7030,,399,River St,Hoboken,NJ,Hudson,1,Condo,3,695561,Active,238,5/9/26,15:00,virtual tour,scheduled,238,659203.21,19013.74,3/14/26,sale,seller,,,,7030,Hoboken,1,Hoboken High,800 Clinton St,Hoboken,NJ,Hudson,7030,1,bus
239,7,White Plains Office,10 Main St,White Plains,NY,10601,9145551717,37,Nala,Compton,Manager,FT,2/21/20,nalacompton@dreamhomesnyc.com,9145550037,,,,,96,Noah,Doe,,,5551960096,noah.doe96@email.com,Individual,1238,NY,New York,7030,2,House,4,2,4,Elevator,116,10601,,851,Main St,White Plains,NY,Westchester,2,House,116,933020,Closed,239,5/10/26,17:15,investor inquiry,Canceled,,,,,,,,,,10601,Downtown White Plains,7,White Plains HS,550 North St,White Plains,NY,Westchester,10601,7,train
240,3,Montclair Office,18 Bloomfield Ave,MONTCLAIR,NJ,7042,9735551313,15,Zaylee,Trejo,Agent,FT,4/4/19,zayleetrejo@dreamhomesnyc.com,9735550015,1015,4/4/19,4/4/21,NJ,146,Ethan,Lee,,,5552460146,ethan.lee146@email.com,Individual,1239,NJ,MONTCLAIR,10601,2,House,2,1,5,Doorman,40,7042,7A,20,Valley Rd,Montclair,NJ,Essex,5,Co-op,40,1394993,Active,,,,,,,,,,,,,,,7042,Upper Montclair,3,Montclair High,100 Chestnut St,Montclair,NJ,Essex,7042,3,ferry
241,1,Hoboken Office,123 River Street,Hoboken,NJ,7030,2015551111,5,Raelynn,Singh,Agent,PT,6/11/23,raelynnsingh@dreamhomesnyc.com,2015550005,1005,6/11/23,6/11/25,NJ,126,Noah,Kim,,,5552260126,noah.kim126@email.com,Individual,1240,NJ,Hoboken,10601,2,House,1,2,5,Doorman,9,7030,,392,River St,Hoboken,NJ,Hudson,2,House,9,1278038,Closed,241,4/2/26,12:00,commuting buyer,scheduled,241,1214093.87,32201.89,3/17/26,sale,seller,,,,7030,Hoboken,1,Hoboken High,800 Clinton St,Hoboken,NJ,Hudson,7030,1,train
242,2,Jersey City Office,90 Hudson St,Jersey City,NJ,7302,2015551212,9,Kamari,Leblanc,Agent,FT,10/19/20,kamarileblanc@dreamhomesnyc.com,2015550009,1009,10/19/20,10/19/22,NJ,111,Zoe,Morris,,,5552110111,zoe.morris111@email.com,Individual,1241,CT,Jersey City,10001,1,Condo,3,2,,,34,7302,14B,276,Grand St,Jersey City,NJ,Hudson,1,Condo,34,1498207,Active,,,,,,,,,,,,,,,7302,Downtown JC,2,PS 16,96 Sussex St,Jersey City,NJ,Hudson,7302,2,bus
243,7,WHITE PLAINS OFFICE,10 Main St,White Plains,NY,10601,9145551717,41,Gwendolyn,Bridges,Agent,PT,6/2/24,gwendolynbridges@dreamhomesnyc.com,9145550041,1041,6/2/24,6/2/26,NY,11,,,Stonebridge Inc,21-1000011,5551110011,deals11@stonebridgeinc.com,Corporation,1242,NY,White Plains,11201,3,Apartment,2,3,2,Pool,118,10601,,315,Mamaroneck Ave,White Plains,NY,Westchester,5,Co-op,118,1087713,Active,,,,,,,,,,,,,,,10601,Downtown White Plains,7,White Plains HS,550 North St,White Plains,NY,Westchester,10601,7,subway
244,6,Brooklyn Heights Office,200 Montague St,BROOKLYN,NY,11201,7185551616,35,Allison,Chung,Agent,PT,12/17/18,allisonchung@dreamhomesnyc.com,7185550035,1035,12/17/18,12/17/20,NY,12,Nina,Flores,,,5551120012,nina.flores12@email.com,Individual,1243,NY,NEW YORK,6830,4,Townhouse,1,1,1,Gym,101,11201,,981,Court St,Brooklyn,NY,Kings,4,Townhouse,101,1079314,Active,,,,,,244,1024776.49,28948.96,3/20/26,sale,seller,,,,11201,Brooklyn Heights,6,Brooklyn Heights Prep,50 Court St,Brooklyn,NY,Kings,11201,6,train
245,7,White Plains Office,10 Main St,White Plains,NY,10601,9145551717,40,Blaine,McKinney,Agent,FT,5/27/23,blainemckinney@dreamhomesnyc.com,9145550040,1040,5/27/23,5/27/25,NY,164,Tara,Ross,,,5552640164,tara.ross164@email.com,Individual,1244,NY,White Plains,10601,4,Townhouse,1,2,2,Pool,119,10601,5A,848,Hamilton Ave,White Plains,NY,Westchester,4,Townhouse,119,724381,Closed,245,4/6/26,17:15,virtual tour,scheduled,,,,,,,245,4/5/26,12:00,10601,Downtown White Plains,7,White Plains HS,550 North St,White Plains,NY,Westchester,10601,7,bus
246,7,White Plains Office,10 Main Street,White Plains,NY,10601,9145551717,38,Abner,Booth,Senior Agent,FT,3/23/21,abnerbooth@dreamhomesnyc.com,9145550038,1038,3/23/21,3/23/23,NY,44,,,Harborview Capital,54-1000044,5551440044,deals44@harborviewcapital,Corporation,1245,CT,White Plains,10601,2,House,2,1,2,Pool,121,10601,,15,Main St,White Plains,NY,Westchester,2,House,121,1177273,Active,246,4/7/26,10:30,family interested in schools,Scheduled,,,,,,,,,,10601,Downtown White Plains,7,White Plains HS,550 North St,White Plains,NY,Westchester,10601,7,ferry
247,10,New Haven Office,275 Chapel St,new haven,CT,6510,2035552020,60,Jasmine,Nava,Transaction Coordinator,FT,1/13/22,jasminenava@dreamhomesnyc.com,2035550060,,,,,170,,,Metro Holdings,91-1000170,5552700170,deals170@metroholdings,Corporation,1246,NJ,NEW HAVEN,6510,1,Condo,1,1,3,Parking,163,6510,15B,588,Chapel St,New Haven,CT,New Haven,1,Condo,163,468710,Active,,,,,,247,446026.24,11836.17,3/23/26,rental,owner,,,,6510,Downtown New Haven,10,Hillhouse HS,480 Sherman Pkwy,New Haven,CT,New Haven,6510,10,train
248,4,Princeton Office,55 Nassau St,Princeton,NJ,8542,6095551414,19,Stormi,Best,Manager,FT,8/12/23,stormibest@dreamhomesnyc.com,6095550019,,,,,171,Zoe,Patel,,,5552710171,zoe.patel171@email.com,Individual,1247,NJ,Princeton,8542,5,Co-op,2,2,5,Doorman,57,8542,,46,Mercer St,Princeton,NJ,Mercer,5,Co-op,57,1710104,Pending,248,4/9/26,13:30,follow-up,Completed,248,1662378.19,39568.19,3/24/26,sale,seller,,,,8542,Princeton Center,4,Princeton High,151 Moore St,Princeton,NJ,Mercer,8542,4,bus
249,4,Princeton Office,55 Nassau St,Princeton,NJ,8542,6095551414,20,Harlem,Good,Senior Agent,FT,9/14/24,harlemgood@dreamhomesnyc.com,6095550020,1020,9/14/24,9/14/26,NJ,17,,,Blue Peak LLC,27-1000017,5551170017,deals17@bluepeakllc.com,Corporation,1248,NJ,Princeton,7030,4,Townhouse,1,2,1,Gym,55,8542,,54,Witherspoon St,Princeton,NJ,Mercer,4,Townhouse,55,1118987,Closed,249,4/10/26,15:00,price sensitive,canceled,,,,,,,,,,8542,Princeton Center,4,Princeton High,151 Moore St,Princeton,NJ,Mercer,8542,4,ferry
250,5,Chelsea Office,456 8th Ave,New York,NY,10001,(212) 555-1515,27,Alani,Stone,Agent,FT,4/1/24,alanistone@dreamhomesnyc.com,212-555-0027,1027,4/1/24,4/1/26,NY,195,Leah,Patel,,,5552950195,leah.patel195@email.com,Individual,1249,NY,Stamford,10001,3,Apartment,3,2,5,Doorman,86,10001,10B,93,W 28th St,New York,NY,New York,3,Apartment,86,5685,Pending,250,4/11/26,9:00,family interested in schools,Scheduled,,,,,,,,,,10001,Chelsea,5,PS 33,281 9th Ave,New York,NY,New York,10001,5,bus
251,7,White Plains Office,10 Main St,White Plains,NY,10601,9145551717,41,Gwendolyn,Bridges,Agent,PT,6/2/24,gwendolynbridges@dreamhomesnyc.com,9145550041,1041,6/2/24,6/2/26,NY,21,Zoe,Foster,,,5551210021,zoe.foster21@email.com,Individual,1250,NY,White Plains,10601,1,Condo,1,1,4,Elevator,110,10601,40B,61,Hamilton Ave,White Plains,NY,Westchester,1,Condo,110,667082,Active,251,4/12/26,12:00,price sensitive,Canceled,,,,,,,,,,10601,Downtown White Plains,7,White Plains HS,550 North St,White Plains,NY,Westchester,10601,7,subway
252,10,New Haven Office,275 Chapel St,New Haven,CT,6510,2035552020,55,Jason,Meadows,Manager,FT,8/3/24,jasonmeadows@dreamhomesnyc.com,2035550055,,,,,59,Sara,Scott,,,5551590059,sara.scott59@email.com,Individual,1251,NY,New Haven,6510,5,Co-op,4,1,,,166,6510,19B,561,Chapel St,New Haven,CT,New Haven,5,Co-op,166,611805,Active,252,4/13/26,12:00,price sensitive,scheduled,,,,,,,252,4/12/26,14:00,6510,Downtown New Haven,10,Hillhouse HS,480 Sherman Pkwy,New Haven,CT,New Haven,6510,10,bus
253,1,Hoboken Office,123 River St,Hoboken,NJ,7030,2015551111,5,Raelynn,Singh,Agent,PT,6/11/23,raelynnsingh@dreamhomesnyc.com,2015550005,1005,6/11/23,6/11/25,NJ,37,Sophia,Reed,,,5551370037,sophia.reed37@email.com,Individual,1252,NJ,Hoboken,7030,2,House,1,3,6,Laundry,14,7030,,442,River St,Hoboken,NJ,Hudson,2,House,14,729046,Active,253,4/14/26,13:30,price sensitive,completed,253,704026.42,18207.56,3/29/26,sale,buyer,253,4/13/26,14:00,7030,Hoboken,1,Hoboken High,800 Clinton St,Hoboken,NJ,Hudson,7030,1,subway
254,6,Brooklyn Heights Office,200 Montague St,Brooklyn,NY,11201,(718) 555-1616,32,Titan,Griffin,Senior Agent,FT,9/11/22,titangriffin@dreamhomesnyc.com,718-555-0032,1032,9/11/22,9/11/24,NY,121,,,Blue Peak LLC,42-1000121,5552210121,deals121@bluepeakllc.com,Corporation,1253,NY,Brooklyn,7042,4,Townhouse,1,2,3,Parking,102,11201,17B,406,Joralemon St,Brooklyn,NY,Kings,5,Co-op,102,677189,Closed,254,4/15/26,10:30,price sensitive,Canceled,,,,,,,,,,11201,Brooklyn Heights,6,Brooklyn Heights Prep,50 Court St,Brooklyn,NY,Kings,11201,6,ferry
255,8,Stamford Office,300 Atlantic Street,Stamford,CT,6901,2035551818,46,Darius,Beasley,Agent,FT,11/12/22,dariusbeasley@dreamhomesnyc.com,2035550046,1046,11/12/22,11/12/24,CT,19,Ava,Bell,,,5551190019,ava.bell19@email.com,Individual,1254,CT,Princeton,6901,1,Condo,1,3,4,Elevator,144,6901,32B,729,Atlantic St,Stamford,CT,Fairfield,1,Condo,144,1497196,Closed,,,,repeat row,,,,,,,,,,,6901,Downtown Stamford,8,Stamford HS,55 Strawberry Hill Ave,Stamford,CT,Fairfield,6901,8,bus
256,10,NEW HAVEN OFFICE,275 Chapel St,New Haven,CT,6510,2035552020,55,Jason,Meadows,Manager,FT,8/3/24,jasonmeadows@dreamhomesnyc.com,2035550055,,,,,105,Leah,Baker,,,5552050105,leah.baker105@email.com,Individual,1255,NJ,New Haven,6510,1,Condo,2,2,6,Laundry,165,6510,,804,Chapel St,New Haven,CT,New Haven,1,Condo,165,412241,Active,256,4/17/26,17:15,late showing,scheduled,,,,,,,,,,6510,Downtown New Haven,10,Hillhouse HS,480 Sherman Pkwy,New Haven,CT,New Haven,6510,10,bus
257,1,Hoboken Office,123 River St,Hoboken,NJ,7030,2015551111,3,Hana,Mora,Agent,FT,4/7/21,hanamora@dreamhomesnyc.com,2015550003,1003,4/7/21,4/7/23,NJ,162,Nina,Ward,,,5552620162,nina.ward162@email.com,Individual,1256,NJ,Montclair,7030,2,House,4,1,,,9,7030,,392,River St,Hoboken,NJ,Hudson,2,House,9,1278038,Closed,257,4/18/26,9:00,follow-up,scheduled,,,,,,,,,,7030,Hoboken,1,Hoboken High,800 Clinton St,Hoboken,NJ,Hudson,7030,1,train
258,7,White Plains Office,10 Main Street,White Plains,NY,10601,9145551717,39,Zariyah,Gould,Agent,FT,4/25/22,zariyahgould@dreamhomesnyc.com,9145550039,1039,4/25/22,4/25/24,NY,110,,,Pine Street Ventures,31-1000110,5552100110,deals110@pinestreetventures,Corporation,1257,NY,White Plains,10601,3,Apartment,4,2,1,Gym,109,10601,,631,Mamaroneck Ave,White Plains,NY,Westchester,3,Apartment,109,3603,Active,258,4/19/26,12:00,price sensitive,Canceled,,,,,,,,,,10601,Downtown White Plains,7,White Plains HS,550 North St,White Plains,NY,Westchester,10601,7,bus
259,1,Hoboken Office,123 River St,Hoboken,NJ,7030,2015551111,4,Arturo,Russell,Agent,FT,5/9/22,arturorussell@dreamhomesnyc.com,2015550004,1004,5/9/22,5/9/24,NJ,1,Jane,Roe,,,5551010001,jane.roe1@email.com,Individual,1258,NJ,White Plains,7030,5,Co-op,4,2,2,Pool,2,7030,35B,213,Washington St,Hoboken,NJ,Hudson,5,Co-op,2,1121029,Withdrawn,259,4/20/26,15:00,follow-up,scheduled,,,,,,,259,4/19/26,12:00,7030,Hoboken,1,Hoboken High,800 Clinton St,Hoboken,NJ,Hudson,7030,1,subway
260,3,Montclair Office,18 Bloomfield Ave,Montclair,NJ,7042,9735551313,17,Charley,Houston,Agent,PT,6/8/21,charleyhouston@dreamhomesnyc.com,9735550017,1017,6/8/21,6/8/23,NJ,105,Leah,Baker,,,5552050105,leah.baker105@email.com,Individual,1259,NJ,Jersey City,7042,4,Townhouse,1,2,2,Pool,50,7042,,720,Park St,Montclair,NJ,Essex,4,Townhouse,50,638479,Closed,260,4/21/26,17:15,follow-up,Scheduled,260,643370.95,14510.72,4/5/26,sale,buyer,260,4/20/26,11:00,7042,Upper Montclair,3,Montclair High,100 Chestnut St,Montclair,NJ,Essex,7042,3,ferry
261,7,White Plains Office,10 Main St,White Plains,NY,10601,9145551717,38,Abner,Booth,Senior Agent,FT,3/23/21,abnerbooth@dreamhomesnyc.com,9145550038,1038,3/23/21,3/23/23,NY,87,Bella,Morris,,,5551870087,bella.morris87@email.com,Individual,1260,NY,White Plains,11201,2,House,2,2,3,Parking,125,10601,,986,Hamilton Ave,White Plains,NY,Westchester,3,Apartment,125,8220,Active,,,,,,261,8524.59,401.5,4/6/26,rental,owner,261,4/21/26,11:00,10601,Downtown White Plains,7,White Plains HS,550 North St,White Plains,NY,Westchester,10601,7,train
262,10,New Haven Office,275 Chapel St,New Haven,CT,6510,2035552020,56,Pearl,Roberson,Senior Agent,FT,9/5/18,pearlroberson@dreamhomesnyc.com,2035550056,1056,9/5/18,9/5/20,CT,95,Eva,Price,,,5551950095,eva.price95@email.com,Individual,1261,CT,Stamford,6510,4,Townhouse,1,2,,,180,6510,,476,State St,New Haven,CT,New Haven,4,Townhouse,180,883541,Active,262,4/23/26,17:15,virtual tour,Completed,,,,,,,,,,6510,Downtown New Haven,10,Hillhouse HS,480 Sherman Pkwy,New Haven,CT,New Haven,6510,10,bus
263,5,Chelsea Office,456 8th Ave,New York,NY,10001,2125551515,29,Reese,Chapman,Agent,PT,6/5/19,reesechapman@dreamhomesnyc.com,2125550029,1029,6/5/19,6/5/21,NY,122,Mark,Lee,,,5552220122,mark.lee122@email.com,Individual,1262,CT,White Plains,10001,2,House,1,3,1,Gym,90,10001,5A,846,8th Ave,New York,NY,New York,2,House,90,526136,Closed,263,4/24/26,9:00,investor inquiry,completed,,,,,,,,,,10001,Chelsea,5,PS 33,281 9th Ave,New York,NY,New York,10001,5,ferry
264,7,WHITE PLAINS OFFICE,10 Main St,White Plains,NY,10601,9145551717,41,Gwendolyn,Bridges,Agent,PT,6/2/24,gwendolynbridges@dreamhomesnyc.com,9145550041,1041,6/2/24,6/2/26,NY,62,Mark,Hall,,,5551620062,mark.hall62@email.com,Individual,1263,NY,White Plains,7302,5,Co-op,4,1,,,124,10601,,886,Main St,White Plains,NY,Westchester,5,Co-op,124,1000646,Active,264,4/25/26,17:15,investor inquiry,scheduled,,,,,,,,,,10601,Downtown White Plains,7,White Plains HS,550 North St,White Plains,NY,Westchester,10601,7,bus
265,2,Jersey City Office,90 Hudson St,jersey city,NJ,7302,2015551212,9,Kamari,Leblanc,Agent,FT,10/19/20,kamarileblanc@dreamhomesnyc.com,2015550009,1009,10/19/20,10/19/22,NJ,58,Dylan,Lopez,,,5551580058,dylan.lopez58@email.com,Individual,1264,CT,JERSEY CITY,7302,4,Townhouse,4,3,3,Parking,24,7302,38B,128,Grand St,Jersey City,NJ,Hudson,1,Condo,24,1325550,Closed,265,4/26/26,9:00,follow-up,Scheduled,265,1316666.22,31483.03,4/10/26,sale,buyer,,,,7302,Downtown JC,2,PS 16,96 Sussex St,Jersey City,NJ,Hudson,7302,2,train
266,9,Greenwich Office,40 Field Point Rd,GREENWICH,CT,6830,2035551919,53,Dayton,Prince,Agent,PT,6/26/22,daytonprince@dreamhomesnyc.com,2035550053,1053,6/26/22,6/26/24,CT,80,Mason,Chen,,,5551800080,mason.chen80@email.com,Individual,1265,CT,GREENWICH,10601,4,Townhouse,2,1,4,Elevator,148,6830,,334,Mason St,Greenwich,CT,Fairfield,4,Townhouse,148,2707659,Active,266,4/27/26,13:30,late showing,Completed,,,,,,,,,,6830,Greenwich Ave,9,Greenwich High,10 Hillside Rd,Greenwich,CT,Fairfield,6830,9,train
267,3,Montclair Office,18 Bloomfield Ave,Montclair,NJ,7042,9735551313,16,Wesson,Yates,Agent,FT,5/6/20,wessonyates@dreamhomesnyc.com,9735550016,1016,5/6/20,5/6/22,NJ,38,Mia,Hall,,,5551380038,mia.hall38@email.com,Individual,1266,CT,Montclair,7042,3,Apartment,4,1,6,Laundry,38,7042,10B,660,Park St,Montclair,NJ,Essex,3,Apartment,38,4611,Closed,,,,repeat row,,,,,,,,,,,7042,Upper Montclair,3,Montclair High,100 Chestnut St,Montclair,NJ,Essex,7042,3,subway
268,5,CHELSEA OFFICE,456 8th Ave,New York,NY,10001,2125551515,27,Alani,Stone,Agent,FT,4/1/24,alanistone@dreamhomesnyc.com,2125550027,1027,4/1/24,4/1/26,NY,184,Chris,Bailey,,,5552840184,chris.bailey184@email.com,Individual,1267,NY,Princeton,7030,2,House,2,2,2,Pool,86,10001,10B,93,W 28th St,New York,NY,New York,3,Apartment,86,5685,Pending,,,,,,,,,,,,,,,10001,Chelsea,5,PS 33,281 9th Ave,New York,NY,New York,10001,5,bus
269,6,Brooklyn Heights Office,200 Montague St,Brooklyn,NY,11201,(718) 555-1616,35,Allison,Chung,Agent,PT,12/17/18,allisonchung@dreamhomesnyc.com,718-555-0035,1035,12/17/18,12/17/20,NY,136,,,Acme Holdings,57-1000136,5552360136,deals136@acmeholdings,Corporation,1268,NY,Princeton,6830,4,Townhouse,1,2,,,101,11201,,981,Court St,Brooklyn,NY,Kings,4,Townhouse,101,1079314,Active,,,,,,269,1078145.17,28925.21,4/14/26,sale,seller,,,,11201,Brooklyn Heights,6,Brooklyn Heights Prep,50 Court St,Brooklyn,NY,Kings,11201,6,train
270,3,Montclair Office,18 Bloomfield Ave,Montclair,NJ,7042,9735551313,15,Zaylee,Trejo,Agent,FT,4/4/19,zayleetrejo@dreamhomesnyc.com,9735550015,1015,4/4/19,4/4/21,NJ,192,Nina,Doe,,,5552920192,nina.doe192@email.com,Individual,1269,NJ,Brooklyn,6510,3,Apartment,1,2,1,Gym,54,7042,19A,867,Valley Rd,Montclair,NJ,Essex,3,Apartment,54,8313,Active,270,5/1/26,13:30,price sensitive,scheduled,270,8325.83,363.15,3/1/26,rental,renter,,,,7042,Upper Montclair,3,Montclair High,100 Chestnut St,Montclair,NJ,Essex,7042,3,ferry
271,1,Hoboken Office,123 River St,Hoboken,NJ,7030,2015551111,2,Bronson,McCullough,Senior Agent,FT,3/5/20,bronsonmccullough@dreamhomesnyc.com,2015550002,1002,3/5/20,3/5/22,NJ,102,,,Pine Street Ventures,23-1000102,5552020102,deals102@pinestreetventures,Corporation,1270,NJ,Montclair,10601,1,Condo,2,2,1,Gym,9,7030,,392,River St,Hoboken,NJ,Hudson,2,House,9,1278038,Closed,271,5/2/26,9:00,virtual tour,completed,271,1268857.27,37945.33,3/2/26,sale,seller,271,5/1/26,11:00,7030,Hoboken,1,Hoboken High,800 Clinton St,Hoboken,NJ,Hudson,7030,1,train
272,6,Brooklyn Heights Office,200 Montague St,Brooklyn,NY,11201,7185551616,32,Titan,Griffin,Senior Agent,FT,9/11/22,titangriffin@dreamhomesnyc.com,7185550032,1032,9/11/22,9/11/24,NY,166,Miles,Cole,,,5552660166,miles.cole166@email.com,Individual,1271,NY,Brooklyn,11201,3,Apartment,3,1,,,99,11201,19B,115,Montague St,Brooklyn,NY,Kings,3,Apartment,99,6163,Active,272,5/3/26,15:00,virtual tour,scheduled,,,,,,,,,,11201,Brooklyn Heights,6,Brooklyn Heights Prep,50 Court St,Brooklyn,NY,Kings,11201,6,ferry
273,3,Montclair Office,18 Bloomfield Ave,MONTCLAIR,NJ,7042,9735551313,13,Tiffany,Griffith,Manager,FT,2/27/24,tiffanygriffith@dreamhomesnyc.com,9735550013,,,,,47,Ruby,Price,,,5551470047,ruby.price47@email.com,Individual,1272,CT,MONTCLAIR,7042,1,Condo,1,1,3,Parking,54,7042,19A,867,Valley Rd,Montclair,NJ,Essex,3,Apartment,54,8313,Active,,,,,,273,8711.96,460.32,3/4/26,rental,renter,,,,7042,Upper Montclair,3,Montclair High,100 Chestnut St,Montclair,NJ,Essex,7042,3,ferry
274,4,Princeton Office,55 Nassau St,Princeton,NJ,8542,6095551414,23,Ellianna,Nixon,Agent,PT,12/20/20,elliannanixon@dreamhomesnyc.com,6095550023,1023,12/20/20,12/20/22,NJ,133,Paul,Reed,,,5552330133,paul.reed133@email.com,Individual,1273,NY,Stamford,8542,4,Townhouse,2,3,,,64,8542,,387,Mercer St,Princeton,NJ,Mercer,4,Townhouse,64,1579036,Active,274,5/5/26,9:00,First showing,Completed,274,1504426.64,43508.98,3/5/26,sale,buyer,,,,8542,Princeton Center,4,Princeton High,151 Moore St,Princeton,NJ,Mercer,8542,4,bus
275,9,Greenwich Office,40 Field Point Rd,greenwich,CT,6830,2035551919,53,Dayton,Prince,Agent,PT,6/26/22,daytonprince@dreamhomesnyc.com,2035550053,1053,6/26/22,6/26/24,CT,33,,,Blue Peak LLC,43-1000033,5551330033,deals33@bluepeakllc.com,Corporation,1274,NY,GREENWICH,6830,3,Apartment,1,2,6,Laundry,152,6830,,762,Putnam Ave,Greenwich,CT,Fairfield,3,Apartment,152,8184,Closed,275,5/6/26,10:30,follow-up,Canceled,,,,,,,,,,6830,Greenwich Ave,9,Greenwich High,10 Hillside Rd,Greenwich,CT,Fairfield,6830,9,train
276,6,Brooklyn Heights Office,200 Montague St,Brooklyn,NY,11201,7185551616,33,Charlie,Colon,Agent,FT,10/13/23,charliecolon@dreamhomesnyc.com,7185550033,1033,10/13/23,10/13/25,NY,112,Leo,Bailey,,,5552120112,leo.bailey112@email.com,Individual,1275,NY,Princeton,11201,4,Townhouse,1,3,3,Parking,108,11201,,920,Joralemon St,Brooklyn,NY,Kings,4,Townhouse,108,1371150,Active,276,5/7/26,10:30,family interested in schools,Canceled,276,1335423.37,39749.95,3/7/26,sale,seller,,,,11201,Brooklyn Heights,6,Brooklyn Heights Prep,50 Court St,Brooklyn,NY,Kings,11201,6,bus
277,3,MONTCLAIR OFFICE,18 Bloomfield Ave,Montclair,NJ,7042,9735551313,15,Zaylee,Trejo,Agent,FT,4/4/19,zayleetrejo@dreamhomesnyc.com,9735550015,1015,4/4/19,4/4/21,NJ,79,Ava,Allen,,,5551790079,ava.allen79@email.com,Individual,1276,NJ,Jersey City,7042,3,Apartment,3,2,,,45,7042,,399,Park St,Montclair,NJ,Essex,5,Co-op,45,1251194,Active,277,5/8/26,12:00,commuting buyer,scheduled,,,,,,,277,5/7/26,12:00,7042,Upper Montclair,3,Montclair High,100 Chestnut St,Montclair,NJ,Essex,7042,3,ferry
278,9,Greenwich Office,40 Field Point Rd,Greenwich,CT,6830,2035551919,53,Dayton,Prince,Agent,PT,6/26/22,daytonprince@dreamhomesnyc.com,2035550053,1053,6/26/22,6/26/24,CT,14,Tara,Hall,,,5551140014,tara.hall14@email.com,Individual,1277,CT,Princeton,10601,2,House,2,2,4,Elevator,146,6830,,819,Putnam Ave,Greenwich,CT,Fairfield,2,House,146,2268922,Pending,278,5/9/26,17:15,family interested in schools,Canceled,,,,,,,278,5/8/26,13:00,6830,Greenwich Ave,9,Greenwich High,10 Hillside Rd,Greenwich,CT,Fairfield,6830,9,bus
279,2,Jersey City Office,90 Hudson St,Jersey City,NJ,7302,2015551212,10,Braden,Cross,Agent,FT,11/21/21,bradencross@dreamhomesnyc.com,2015550010,1010,11/21/21,11/21/23,NJ,20,Mason,Ross,,,5551200020,mason.ross20@email.com,Individual,1278,NJ,Jersey City,7302,5,Co-op,2,1,6,Laundry,24,7302,38B,128,Grand St,Jersey City,NJ,Hudson,1,Condo,24,1325550,Closed,279,5/10/26,13:30,follow-up,scheduled,279,1268705.86,36456.87,3/10/26,sale,buyer,,,,7302,Downtown JC,2,PS 16,96 Sussex St,Jersey City,NJ,Hudson,7302,2,train
280,4,Princeton Office,55 Nassau St,Princeton,NJ,8542,(609) 555-1414,24,Cory,Dunn,Transaction Coordinator,FT,1/22/21,corydunn@dreamhomesnyc.com,609-555-0024,,,,,136,,,Acme Holdings,57-1000136,5552360136,deals136@acmeholdings,Corporation,1279,NJ,Princeton,8542,4,Townhouse,3,1,3,Parking,63,8542,,835,Witherspoon St,Princeton,NJ,Mercer,4,Townhouse,63,1095188,Active,,,,,,,,,,,,,,,8542,Princeton Center,4,Princeton High,151 Moore St,Princeton,NJ,Mercer,8542,4,bus
281,5,Chelsea Office,456 8th Ave,New York,NY,10001,2125551515,26,Beckett,Delgado,Senior Agent,FT,3/26/23,beckettdelgado@dreamhomesnyc.com,2125550026,1026,3/26/23,3/26/25,NY,139,Ava,Bell,,,5552390139,ava.bell139@email.com,Individual,1280,NJ,New York,10001,5,Co-op,1,3,,,87,10001,,105,W 28th St,New York,NY,New York,5,Co-op,87,901589,Active,281,4/2/26,9:00,virtual tour,completed,,,,,,,,,,10001,Chelsea,5,PS 33,281 9th Ave,New York,NY,New York,10001,5,bus
282,5,Chelsea Office,456 8th Ave,New York,NY,10001,2125551515,27,Alani,Stone,Agent,FT,4/1/24,alanistone@dreamhomesnyc.com,2125550027,1027,4/1/24,4/1/26,NY,28,Dylan,Ng,,,5551280028,dylan.ng28@email.com,Individual,1281,NY,Montclair,10001,3,Apartment,2,2,4,Elevator,85,10001,27B,391,W 26th St,New York,NY,New York,3,Apartment,85,7978,Withdrawn,282,4/3/26,13:30,First showing,Completed,,,,,,,282,4/7/26,14:00,10001,Chelsea,5,PS 33,281 9th Ave,New York,NY,New York,10001,5,train
283,5,Chelsea Office,456 8th Ave,New York,NY,10001,2125551515,28,Finn,Woods,Agent,FT,5/3/18,finnwoods@dreamhomesnyc.com,2125550028,1028,5/3/18,5/3/20,NY,47,Ruby,Price,,,5551470047,ruby.price47@email.com,Individual,1282,NY,New York,6901,1,Condo,2,2,1,Gym,77,10001,28B,288,W 26th St,New York,NY,New York,1,Condo,77,480585,Pending,283,4/4/26,9:00,price sensitive,scheduled,,,,,,,,,,10001,Chelsea,5,PS 33,281 9th Ave,New York,NY,New York,10001,5,ferry
284,10,New Haven Office,275 Chapel St,New Haven,CT,6510,2035552020,59,Sergio,Harrison,Agent,PT,12/11/21,sergioharrison@dreamhomesnyc.com,2035550059,1059,12/11/21,12/11/23,CT,123,Lina,Patel,,,5552230123,lina.patel123@email.com,Individual,1283,NY,New Haven,6510,4,Townhouse,4,1,5,Doorman,171,6510,,681,Chapel St,New Haven,CT,New Haven,4,Townhouse,171,358454,Pending,284,4/5/26,17:15,commuting buyer,Completed,284,340427.05,7713.61,3/15/26,sale,buyer,,,,6510,Downtown New Haven,10,Hillhouse HS,480 Sherman Pkwy,New Haven,CT,New Haven,6510,10,train
285,1,Hoboken Office,123 River St,hoboken,NJ,7030,2015551111,5,Raelynn,Singh,Agent,PT,6/11/23,raelynnsingh@dreamhomesnyc.com,2015550005,1005,6/11/23,6/11/25,NJ,88,,,Acme Holdings,98-1000088,5551880088,deals88@acmeholdings,Corporation,1284,NJ,HOBOKEN,7030,2,House,2,2,6,Laundry,14,7030,,442,River St,Hoboken,NJ,Hudson,2,House,14,729046,Active,285,4/6/26,10:30,investor inquiry,Scheduled,,,,,,,,,,7030,Hoboken,1,Hoboken High,800 Clinton St,Hoboken,NJ,Hudson,7030,1,subway
286,3,Montclair Office,18 Bloomfield Ave,Montclair,NJ,7042,9735551313,14,Franklin,Foley,Senior Agent,FT,3/2/18,franklinfoley@dreamhomesnyc.com,9735550014,1014,3/2/18,3/2/20,NJ,27,Bella,Patel,,,5551270027,bella.patel27@email.com,Individual,1285,CT,Montclair,7042,2,House,1,1,,,51,7042,,65,Bloomfield Ave,Montclair,NJ,Essex,4,Townhouse,51,1396907,Closed,286,4/7/26,15:00,family interested in schools,Scheduled,,,,,,,,,,7042,Upper Montclair,3,Montclair High,100 Chestnut St,Montclair,NJ,Essex,7042,3,ferry
287,10,New Haven Office,275 Chapel St,New Haven,CT,6510,(203) 555-2020,57,Shepherd,Clark,Agent,FT,10/7/19,shepherdclark@dreamhomesnyc.com,203-555-0057,1057,10/7/19,10/7/21,CT,60,John,Flores,,,5551600060,john.flores60@email.com,Individual,1286,CT,New Haven,6510,4,Townhouse,1,2,6,Laundry,180,6510,,476,State St,New Haven,CT,New Haven,4,Townhouse,180,883541,Active,287,4/8/26,12:00,First showing,Completed,287,843969.91,55669.53,3/18/26,rental,owner,,,,6510,Downtown New Haven,10,Hillhouse HS,480 Sherman Pkwy,New Haven,CT,New Haven,6510,10,bus
288,7,White Plains Office,10 Main St,White Plains,NY,10601,9145551717,41,Gwendolyn,Bridges,Agent,PT,6/2/24,gwendolynbridges@dreamhomesnyc.com,9145550041,1041,6/2/24,6/2/26,NY,126,Noah,Kim,,,5552260126,noah.kim126@email.com,Individual,1287,NY,White Plains,10601,1,Condo,3,1,,,111,10601,17A,102,Hamilton Ave,White Plains,NY,Westchester,1,Condo,111,1126543,Active,288,4/9/26,15:00,late showing,Completed,,,,,,,288,4/13/26,14:00,10601,Downtown White Plains,7,White Plains HS,550 North St,White Plains,NY,Westchester,10601,7,subway
289,2,Jersey City Office,90 Hudson Street,Jersey City,NJ,7302,2015551212,9,Kamari,Leblanc,Agent,FT,10/19/20,kamarileblanc@dreamhomesnyc.com,2015550009,1009,10/19/20,10/19/22,NJ,155,Eva,Scott,,,5552550155,eva.scott155@email.com,Individual,1288,NJ,Jersey City,8542,1,Condo,2,1,6,Laundry,34,7302,14B,276,Grand St,Jersey City,NJ,Hudson,1,Condo,34,1498207,Active,289,4/10/26,10:30,price sensitive,Scheduled,289,1464705.79,40773.05,3/20/26,sale,seller,,,,7302,Downtown JC,2,PS 16,96 Sussex St,Jersey City,NJ,Hudson,7302,2,bus
290,7,White Plains Office,10 Main St,WHITE PLAINS,NY,10601,9145551717,40,Blaine,McKinney,Agent,FT,5/27/23,blainemckinney@dreamhomesnyc.com,9145550040,1040,5/27/23,5/27/25,NY,108,Caleb,Flores,,,5552080108,caleb.flores108@email.com,Individual,1289,NY,HOBOKEN,10601,2,House,1,2,6,Laundry,112,10601,,913,Hamilton Ave,White Plains,NY,Westchester,2,House,112,704110,Active,290,4/11/26,13:30,virtual tour,completed,,,,,,,,,,10601,Downtown White Plains,7,White Plains HS,550 North St,White Plains,NY,Westchester,10601,7,ferry
291,8,Stamford Office,300 Atlantic St,Stamford,CT,6901,(203) 555-1818,46,Darius,Beasley,Agent,FT,11/12/22,dariusbeasley@dreamhomesnyc.com,203-555-0046,1046,11/12/22,11/12/24,CT,156,Noah,Flores,,,5552560156,noah.flores156@email.com,Individual,1290,CT,Stamford,6901,1,Condo,4,1,6,Laundry,144,6901,32B,729,Atlantic St,Stamford,CT,Fairfield,1,Condo,144,1497196,Closed,291,4/12/26,12:00,investor inquiry,Completed,291,1443545.96,33769.27,3/22/26,sale,buyer,291,4/16/26,12:00,6901,Downtown Stamford,8,Stamford HS,55 Strawberry Hill Ave,Stamford,CT,Fairfield,6901,8,bus
292,10,New Haven Office,275 Chapel St,New Haven,CT,6510,(203) 555-2020,59,Sergio,Harrison,Agent,PT,12/11/21,sergioharrison@dreamhomesnyc.com,203-555-0059,1059,12/11/21,12/11/23,CT,72,Nina,Doe,,,5551720072,nina.doe72@email.com,Individual,1291,NY,Hoboken,8542,2,House,3,1,3,Parking,164,6510,,852,Chapel St,New Haven,CT,New Haven,5,Co-op,164,715509,Closed,292,4/13/26,17:15,investor inquiry,Completed,,,,,,,,,,6510,Downtown New Haven,10,Hillhouse HS,480 Sherman Pkwy,New Haven,CT,New Haven,6510,10,train
293,9,Greenwich Office,40 Field Point Rd,Greenwich,CT,6830,2035551919,51,Jakob,Calhoun,Agent,FT,4/22/20,jakobcalhoun@dreamhomesnyc.com,2035550051,1051,4/22/20,4/22/22,CT,57,Bella,Baker,,,5551570057,bella.baker57@email.com,Individual,1292,NY,Greenwich,6830,3,Apartment,3,1,3,Parking,161,6830,25B,720,Greenwich Ave,Greenwich,CT,Fairfield,3,Apartment,161,4966,Active,,,,,,,,,,,,,,,6830,Greenwich Ave,9,Greenwich High,10 Hillside Rd,Greenwich,CT,Fairfield,6830,9,train
294,4,PRINCETON OFFICE,55 Nassau St,Princeton,NJ,8542,6095551414,20,Harlem,Good,Senior Agent,FT,9/14/24,harlemgood@dreamhomesnyc.com,6095550020,1020,9/14/24,9/14/26,NJ,53,Hannah,Garcia,,,5551530053,hannah.garcia53@email.com,Individual,1293,NJ,White Plains,8542,5,Co-op,4,2,2,Pool,57,8542,,46,Mercer St,Princeton,NJ,Mercer,5,Co-op,57,1710104,Pending,294,4/15/26,10:30,family interested in schools,completed,,,,,,,,,,8542,Princeton Center,4,Princeton High,151 Moore St,Princeton,NJ,Mercer,8542,4,bus
295,3,Montclair Office,18 Bloomfield Ave,Montclair,NJ,7042,9735551313,16,Wesson,Yates,Agent,FT,5/6/20,wessonyates@dreamhomesnyc.com,9735550016,1016,5/6/20,5/6/22,NJ,176,,,Acme Holdings,97-1000176,5552760176,deals176@acmeholdings,Corporation,1294,NJ,Montclair,7042,3,Apartment,4,2,,,42,7042,18A,132,Valley Rd,Montclair,NJ,Essex,3,Apartment,42,4463,Active,295,4/16/26,9:00,commuting buyer,scheduled,295,4608.74,308.74,3/26/26,rental,owner,,,,7042,Upper Montclair,3,Montclair High,100 Chestnut St,Montclair,NJ,Essex,7042,3,subway
296,4,Princeton Office,55 Nassau St,Princeton,NJ,8542,6095551414,23,Ellianna,Nixon,Agent,PT,12/20/20,elliannanixon@dreamhomesnyc.com,6095550023,1023,12/20/20,12/20/22,NJ,161,Ryan,Cooper,,,5552610161,ryan.cooper161@email.com,Individual,1295,NJ,Hoboken,7302,2,House,2,1,4,Elevator,69,8542,,25,Witherspoon St,Princeton,NJ,Mercer,2,House,69,1165420,Pending,,,,,,296,1145726.45,27873.88,3/27/26,sale,seller,,,,8542,Princeton Center,4,Princeton High,151 Moore St,Princeton,NJ,Mercer,8542,4,subway
297,1,Hoboken Office,123 River St,Hoboken,NJ,7030,2015551111,2,Bronson,McCullough,Senior Agent,FT,3/5/20,bronsonmccullough@dreamhomesnyc.com,2015550002,1002,3/5/20,3/5/22,NJ,76,Miles,Ng,,,5551760076,miles.ng76@email.com,Individual,1296,NJ,White Plains,7030,1,Condo,1,2,,,12,7030,,937,River St,Hoboken,NJ,Hudson,1,Condo,12,942004,Closed,297,4/18/26,17:15,follow-up,scheduled,297,894821.1,20816.24,3/28/26,sale,seller,,,,7030,Hoboken,1,Hoboken High,800 Clinton St,Hoboken,NJ,Hudson,7030,1,subway
298,2,Jersey City Office,90 Hudson St,Jersey City,NJ,7302,2015551212,11,Nayeli,Robertson,Agent,PT,12/23/22,nayelirobertson@dreamhomesnyc.com,2015550011,1011,12/23/22,12/23/24,NJ,22,,,Pine Street Ventures,32-1000022,5551220022,deals22@pinestreetventures,Corporation,1297,CT,Jersey City,7302,3,Apartment,1,2,,,31,7302,18A,353,Grand St,Jersey City,NJ,Hudson,3,Apartment,31,6416,Active,298,4/19/26,9:00,investor inquiry,scheduled,,,,,,,,,,7302,Downtown JC,2,PS 16,96 Sussex St,Jersey City,NJ,Hudson,7302,2,subway
299,1,Hoboken Office,123 River Street,Hoboken,NJ,7030,2015551111,2,Bronson,McCullough,Senior Agent,FT,3/5/20,bronsonmccullough@dreamhomesnyc.com,2015550002,1002,3/5/20,3/5/22,NJ,200,Mason,Chen,,,5553000200,mason.chen200@email.com,Individual,1298,NJ,Hoboken,7030,4,Townhouse,1,1,1,Gym,1,7030,9A,35,Washington St,Hoboken,NJ,Hudson,1,Condo,1,1422246,Active,299,4/20/26,10:30,price sensitive,scheduled,,,,,,,,,,7030,Hoboken,1,Hoboken High,800 Clinton St,Hoboken,NJ,Hudson,7030,1,subway
300,9,Greenwich Office,40 Field Point Rd,Greenwich,CT,6830,2035551919,51,Jakob,Calhoun,Agent,FT,4/22/20,jakobcalhoun@dreamhomesnyc.com,2035550051,1051,4/22/20,4/22/22,CT,36,Noah,Flores,,,5551360036,noah.flores36@email.com,Individual,1299,CT,White Plains,6830,3,Apartment,3,2,5,Doorman,155,6830,4A,998,Mason St,Greenwich,CT,Fairfield,3,Apartment,155,5804,Active,300,4/21/26,15:00,family interested in schools,Scheduled,300,5515.46,439.39,3/31/26,rental,owner,,,,6830,Greenwich Ave,9,Greenwich High,10 Hillside Rd,Greenwich,CT,Fairfield,6830,9,bus
301,2,Jersey City Office,90 Hudson Street,Jersey City,NJ,7302,2015551212,11,Nayeli,Robertson,Agent,PT,12/23/22,nayelirobertson@dreamhomesnyc.com,2015550011,1011,12/23/22,12/23/24,NJ,90,John,Ward,,,5551900090,john.ward90@email.com,Individual,1300,NJ,Montclair,7302,1,Condo,3,2,2,Pool,29,7302,,807,Grand St,Jersey City,NJ,Hudson,1,Condo,29,1284482,Closed,301,4/22/26,17:15,price sensitive,scheduled,,,,,,,,,,7302,Downtown JC,2,PS 16,96 Sussex St,Jersey City,NJ,Hudson,7302,2,ferry
302,1,HOBOKEN OFFICE,123 River St,Hoboken,NJ,7030,2015551111,5,Raelynn,Singh,Agent,PT,6/11/23,raelynnsingh@dreamhomesnyc.com,2015550005,1005,6/11/23,6/11/25,NJ,170,,,Metro Holdings,91-1000170,5552700170,deals170@metroholdings,Corporation,1301,NJ,Hoboken,7030,2,House,1,2,,,14,7030,,442,River St,Hoboken,NJ,Hudson,2,House,14,729046,Active,,,,,,302,697272.87,19577.11,4/2/26,sale,seller,,,,7030,Hoboken,1,Hoboken High,800 Clinton St,Hoboken,NJ,Hudson,7030,1,subway
303,5,Chelsea Office,456 8th Ave,New York,NY,10001,2125551515,26,Beckett,Delgado,Senior Agent,FT,3/26/23,beckettdelgado@dreamhomesnyc.com,2125550026,1026,3/26/23,3/26/25,NY,16,Miles,Bailey,,,5551160016,miles.bailey16@email.com,Individual,1302,NJ,New York,10001,1,Condo,2,2,,,74,10001,10A,304,W 28th St,New York,NY,New York,1,Condo,74,457100,Active,303,4/24/26,15:00,investor inquiry,Completed,,,,,,,,,,10001,Chelsea,5,PS 33,281 9th Ave,New York,NY,New York,10001,5,subway
304,2,Jersey City Office,90 Hudson St,jersey city,NJ,7302,2015551212,10,Braden,Cross,Agent,FT,11/21/21,bradencross@dreamhomesnyc.com,2015550010,1010,11/21/21,11/21/23,NJ,159,Owen,Morris,,,5552590159,owen.morris159@email.com,Individual,1303,NJ,JERSEY CITY,6830,4,Townhouse,1,2,4,Elevator,33,7302,,354,Marin Blvd,Jersey City,NJ,Hudson,4,Townhouse,33,873061,Active,304,4/25/26,12:00,commuting buyer,Completed,304,828880.63,20904.59,4/4/26,sale,seller,304,4/29/26,13:00,7302,Downtown JC,2,PS 16,96 Sussex St,Jersey City,NJ,Hudson,7302,2,ferry
305,4,Princeton Office,55 Nassau Street,Princeton,NJ,8542,6095551414,20,Harlem,Good,Senior Agent,FT,9/14/24,harlemgood@dreamhomesnyc.com,6095550020,1020,9/14/24,9/14/26,NJ,194,Tara,Lee,,,5552940194,tara.lee194@email.com,Individual,1304,NJ,Princeton,7030,4,Townhouse,1,3,1,Gym,55,8542,,54,Witherspoon St,Princeton,NJ,Mercer,4,Townhouse,55,1118987,Closed,305,4/26/26,9:00,investor inquiry,Scheduled,,,,,,,,,,8542,Princeton Center,4,Princeton High,151 Moore St,Princeton,NJ,Mercer,8542,4,ferry
306,5,Chelsea Office,456 8th Ave,New York,NY,10001,2125551515,30,Knox,Paul,Transaction Coordinator,FT,7/7/20,knoxpaul@dreamhomesnyc.com,2125550030,,,,,92,Mark,Ross,,,5551920092,mark.ross92@email.com,Individual,1305,CT,Brooklyn,10001,1,Condo,3,1,,,81,10001,,807,8th Ave,New York,NY,New York,3,Apartment,81,4696,Active,,,,repeat row,,,,,,,,,,,10001,Chelsea,5,PS 33,281 9th Ave,New York,NY,New York,10001,5,train
307,9,Greenwich Office,40 Field Point Rd,Greenwich,CT,6830,2035551919,53,Dayton,Prince,Agent,PT,6/26/22,daytonprince@dreamhomesnyc.com,2035550053,1053,6/26/22,6/26/24,CT,184,Chris,Bailey,,,5552840184,chris.bailey184@email.com,Individual,1306,CT,Greenwich,7042,2,House,3,3,,,161,6830,25B,720,Greenwich Ave,Greenwich,CT,Fairfield,3,Apartment,161,4966,Active,307,4/28/26,10:30,late showing,Canceled,,,,,,,,,,6830,Greenwich Ave,9,Greenwich High,10 Hillside Rd,Greenwich,CT,Fairfield,6830,9,train
308,10,New Haven Office,275 Chapel Street,New Haven,CT,6510,2035552020,57,Shepherd,Clark,Agent,FT,10/7/19,shepherdclark@dreamhomesnyc.com,2035550057,1057,10/7/19,10/7/21,CT,54,Jason,Kim,,,5551540054,jason.kim54@email.com,Individual,1307,CT,New Haven,6510,4,Townhouse,2,1,5,Doorman,175,6510,,312,State St,New Haven,CT,New Haven,4,Townhouse,175,362653,Withdrawn,,,,repeat row,,,,,,,,,,,6510,Downtown New Haven,10,Hillhouse HS,480 Sherman Pkwy,New Haven,CT,New Haven,6510,10,train
309,7,White Plains Office,10 Main St,White Plains,NY,10601,(914) 555-1717,40,Blaine,McKinney,Agent,FT,5/27/23,blainemckinney@dreamhomesnyc.com,914-555-0040,1040,5/27/23,5/27/25,NY,76,Miles,Ng,,,5551760076,miles.ng76@email.com,Individual,1308,NY,White Plains,10601,2,House,1,2,4,Elevator,117,10601,,541,Mamaroneck Ave,White Plains,NY,Westchester,2,House,117,858955,Active,309,4/30/26,10:30,follow-up,completed,,,,,,,,,,10601,Downtown White Plains,7,White Plains HS,550 North St,White Plains,NY,Westchester,10601,7,ferry
310,6,Brooklyn Heights Office,200 Montague St,brooklyn,NY,11201,7185551616,36,Ira,Pitts,Transaction Coordinator,FT,1/19/19,irapitts@dreamhomesnyc.com,7185550036,,,,,34,,,Metro Holdings,44-1000034,5551340034,deals34@metroholdings,Corporation,1309,NY,BROOKLYN,11201,4,Townhouse,4,2,6,Laundry,105,11201,,487,Joralemon St,Brooklyn,NY,Kings,4,Townhouse,105,1327266,Active,310,5/1/26,17:15,First showing,Completed,,,,,,,,,,11201,Brooklyn Heights,6,Brooklyn Heights Prep,50 Court St,Brooklyn,NY,Kings,11201,6,subway
311,6,BROOKLYN HEIGHTS OFFICE,200 Montague St,Brooklyn,NY,11201,7185551616,35,Allison,Chung,Agent,PT,12/17/18,allisonchung@dreamhomesnyc.com,7185550035,1035,12/17/18,12/17/20,NY,103,Paul,Allen,,,5552030103,paul.allen103@email.com,Individual,1310,NJ,Brooklyn,11201,3,Apartment,2,2,1,Gym,97,11201,,965,Court St,Brooklyn,NY,Kings,3,Apartment,97,3619,Closed,311,5/2/26,9:00,commuting buyer,scheduled,311,3557.01,151,4/11/26,rental,renter,,,,11201,Brooklyn Heights,6,Brooklyn Heights Prep,50 Court St,Brooklyn,NY,Kings,11201,6,ferry
312,7,White Plains Office,10 Main St,White Plains,NY,10601,(914) 555-1717,40,Blaine,McKinney,Agent,FT,5/27/23,blainemckinney@dreamhomesnyc.com,914-555-0040,1040,5/27/23,5/27/25,NY,40,Ivy,Bailey,,,5551400040,ivy.bailey40@email.com,Individual,1311,NJ,White Plains,10601,2,House,3,2,4,Elevator,117,10601,,541,Mamaroneck Ave,White Plains,NY,Westchester,2,House,117,858955,Active,312,5/3/26,10:30,First showing,scheduled,312,856560.11,19809.61,4/12/26,sale,buyer,312,5/7/26,11:00,10601,Downtown White Plains,7,White Plains HS,550 North St,White Plains,NY,Westchester,10601,7,ferry
313,6,Brooklyn Heights Office,200 Montague St,Brooklyn,NY,11201,7185551616,33,Charlie,Colon,Agent,FT,10/13/23,charliecolon@dreamhomesnyc.com,7185550033,1033,10/13/23,10/13/25,NY,172,Leo,Ng,,,5552720172,leo.ng172@email.com,Individual,1312,NJ,Jersey City,10601,4,Townhouse,2,1,5,Doorman,108,11201,,920,Joralemon St,Brooklyn,NY,Kings,4,Townhouse,108,1371150,Active,313,5/4/26,10:30,commuting buyer,Canceled,,,,,,,,,,11201,Brooklyn Heights,6,Brooklyn Heights Prep,50 Court St,Brooklyn,NY,Kings,11201,6,bus
314,8,Stamford Office,300 Atlantic St,Stamford,CT,6901,2035551818,47,Jaylah,Hodges,Agent,PT,12/14/23,jaylahhodges@dreamhomesnyc.com,2035550047,1047,12/14/23,12/14/25,CT,51,,,Stonebridge Inc,61-1000051,5551510051,deals51@stonebridgeinc.com,Corporation,1313,CT,New Haven,6901,1,Condo,4,2,4,Elevator,144,6901,32B,729,Atlantic St,Stamford,CT,Fairfield,1,Condo,144,1497196,Closed,,,,,,314,1567560.64,74225.98,4/14/26,rental,owner,,,,6901,Downtown Stamford,8,Stamford HS,55 Strawberry Hill Ave,Stamford,CT,Fairfield,6901,8,bus
315,10,New Haven Office,275 Chapel St,New Haven,CT,6510,2035552020,58,Chloe,Zimmerman,Agent,FT,11/9/20,chloezimmerman@dreamhomesnyc.com,2035550058,1058,11/9/20,11/9/22,CT,149,Sara,Garcia,,,5552490149,sara.garcia149@email.com,Individual,1314,CT,New Haven,10601,1,Condo,1,3,6,Laundry,163,6510,15B,588,Chapel St,New Haven,CT,New Haven,1,Condo,163,468710,Active,315,5/6/26,9:00,late showing,canceled,315,487301.61,25639.22,3/1/26,rental,owner,,,,6510,Downtown New Haven,10,Hillhouse HS,480 Sherman Pkwy,New Haven,CT,New Haven,6510,10,train
316,6,Brooklyn Heights Office,200 Montague St,Brooklyn,NY,11201,7185551616,33,Charlie,Colon,Agent,FT,10/13/23,charliecolon@dreamhomesnyc.com,7185550033,1033,10/13/23,10/13/25,NY,139,Ava,Bell,,,5552390139,ava.bell139@email.com,Individual,1315,NY,Brooklyn,11201,3,Apartment,2,2,4,Elevator,106,11201,,967,Joralemon St,Brooklyn,NY,Kings,3,Apartment,106,6717,Pending,316,5/7/26,17:15,commuting buyer,Canceled,,,,,,,,,,11201,Brooklyn Heights,6,Brooklyn Heights Prep,50 Court St,Brooklyn,NY,Kings,11201,6,bus
317,2,Jersey City Office,90 Hudson St,Jersey City,NJ,7302,2015551212,7,Teresa,Blanchard,Manager,FT,8/15/18,teresablanchard@dreamhomesnyc.com,2015550007,,,,,23,Hannah,Price,,,5551230023,hannah.price23@email.com,Individual,1316,NJ,Jersey City,7302,4,Townhouse,3,3,1,Gym,23,7302,8A,368,Grand St,Jersey City,NJ,Hudson,4,Townhouse,23,1044207,Withdrawn,317,5/8/26,13:30,family interested in schools,Completed,,,,,,,,,,7302,Downtown JC,2,PS 16,96 Sussex St,Jersey City,NJ,Hudson,7302,2,subway
318,7,White Plains Office,10 Main St,White Plains,NY,10601,9145551717,39,Zariyah,Gould,Agent,FT,4/25/22,zariyahgould@dreamhomesnyc.com,9145550039,1039,4/25/22,4/25/24,NY,119,,,Atlas Property Group,40-1000119,5552190119,deals119@atlaspropertygroup.com,Corporation,1317,NY,White Plains,10601,2,House,1,3,,,121,10601,,15,Main St,White Plains,NY,Westchester,2,House,121,1177273,Active,,,,,,,,,,,,,,,10601,Downtown White Plains,7,White Plains HS,550 North St,White Plains,NY,Westchester,10601,7,ferry
319,1,HOBOKEN OFFICE,123 River St,Hoboken,NJ,7030,2015551111,2,Bronson,McCullough,Senior Agent,FT,3/5/20,bronsonmccullough@dreamhomesnyc.com,2015550002,1002,3/5/20,3/5/22,NJ,40,Ivy,Bailey,,,5551400040,ivy.bailey40@email.com,Individual,1318,CT,New Haven,7030,2,House,3,2,6,Laundry,9,7030,,392,River St,Hoboken,NJ,Hudson,2,House,9,1278038,Closed,319,5/10/26,9:00,commuting buyer,completed,,,,,,,,,,7030,Hoboken,1,Hoboken High,800 Clinton St,Hoboken,NJ,Hudson,7030,1,train
320,8,Stamford Office,300 Atlantic St,Stamford,CT,6901,2035551818,45,Leia,Summers,Agent,FT,10/10/21,leiasummers@dreamhomesnyc.com,2035550045,1045,10/10/21,10/10/23,CT,60,John,Flores,,,5551600060,john.flores60@email.com,Individual,1319,CT,Greenwich,6901,5,Co-op,2,2,1,Gym,133,6901,37B,306,Atlantic St,Stamford,CT,Fairfield,5,Co-op,133,1130196,Active,320,4/1/26,13:30,First showing,completed,320,1125255.88,29906.54,3/6/26,sale,buyer,,,,6901,Downtown Stamford,8,Stamford HS,55 Strawberry Hill Ave,Stamford,CT,Fairfield,6901,8,bus
321,7,White Plains Office,10 Main St,White Plains,NY,10601,9145551717,40,Blaine,McKinney,Agent,FT,5/27/23,blainemckinney@dreamhomesnyc.com,9145550040,1040,5/27/23,5/27/25,NY,200,Mason,Chen,,,5553000200,mason.chen200@email.com,Individual,1320,NY,White Plains,10001,2,House,1,2,2,Pool,117,10601,,541,Mamaroneck Ave,White Plains,NY,Westchester,2,House,117,858955,Active,321,4/2/26,17:15,follow-up,Scheduled,,,,,,,,,,10601,Downtown White Plains,7,White Plains HS,550 North St,White Plains,NY,Westchester,10601,7,ferry
322,5,Chelsea Office,456 8th Ave,New York,NY,10001,2125551515,29,Reese,Chapman,Agent,PT,6/5/19,reesechapman@dreamhomesnyc.com,2125550029,1029,6/5/19,6/5/21,NY,47,Ruby,Price,,,5551470047,ruby.price47@email.com,Individual,1321,NY,New York,10001,4,Townhouse,1,2,6,Laundry,73,10001,22A,986,8th Ave,New York,NY,New York,3,Apartment,73,3601,Active,322,4/3/26,17:15,commuting buyer,scheduled,,,,,,,,,,10001,Chelsea,5,PS 33,281 9th Ave,New York,NY,New York,10001,5,train
323,3,Montclair Office,18 Bloomfield Ave,Montclair,NJ,7042,9735551313,17,Charley,Houston,Agent,PT,6/8/21,charleyhouston@dreamhomesnyc.com,9735550017,1017,6/8/21,6/8/23,NJ,46,Miles,Cole,,,5551460046,miles.cole46@email.com,Individual,1322,NJ,Montclair,7302,3,Apartment,2,3,3,Parking,47,7042,10B,567,Bloomfield Ave,Montclair,NJ,Essex,1,Condo,47,773982,Pending,,,,,,323,729601.85,16542.11,3/9/26,sale,buyer,323,4/13/26,13:00,7042,Upper Montclair,3,Montclair High,100 Chestnut St,Montclair,NJ,Essex,7042,3,subway
324,1,Hoboken Office,123 River St,Hoboken,NJ,7030,2015551111,3,Hana,Mora,Agent,FT,4/7/21,hanamora@dreamhomesnyc.com,2015550003,1003,4/7/21,4/7/23,NJ,57,Bella,Baker,,,5551570057,bella.baker57@email.com,Individual,1323,NJ,Montclair,7030,5,Co-op,1,2,,,8,7030,25A,778,Hudson St,Hoboken,NJ,Hudson,5,Co-op,8,1105884,Closed,324,4/5/26,15:00,commuting buyer,Completed,324,1059225.52,30553.64,3/10/26,sale,seller,,,,7030,Hoboken,1,Hoboken High,800 Clinton St,Hoboken,NJ,Hudson,7030,1,bus
325,3,Montclair Office,18 Bloomfield Ave,Montclair,NJ,7042,9735551313,18,Sylas,Stuart,Transaction Coordinator,FT,7/10/22,sylasstuart@dreamhomesnyc.com,9735550018,,,,,125,Eva,Garcia,,,5552250125,eva.garcia125@email.com,Individual,1324,NJ,Montclair,7042,5,Co-op,2,3,3,Parking,43,7042,,139,Park St,Montclair,NJ,Essex,5,Co-op,43,1268854,Active,325,4/6/26,17:15,follow-up,scheduled,325,1196578.05,31512.09,3/11/26,sale,seller,,,,7042,Upper Montclair,3,Montclair High,100 Chestnut St,Montclair,NJ,Essex,7042,3,bus
326,6,Brooklyn Heights Office,200 Montague St,brooklyn,NY,11201,7185551616,32,Titan,Griffin,Senior Agent,FT,9/11/22,titangriffin@dreamhomesnyc.com,7185550032,1032,9/11/22,9/11/24,NY,47,Ruby,Price,,,5551470047,ruby.price47@email.com,Individual,1325,NY,BROOKLYN,11201,5,Co-op,2,2,6,Laundry,102,11201,17B,406,Joralemon St,Brooklyn,NY,Kings,5,Co-op,102,677189,Closed,326,4/7/26,12:00,family interested in schools,scheduled,,,,,,,,,,11201,Brooklyn Heights,6,Brooklyn Heights Prep,50 Court St,Brooklyn,NY,Kings,11201,6,ferry
327,5,Chelsea Office,456 8th Ave,New York,NY,10001,2125551515,29,Reese,Chapman,Agent,PT,6/5/19,reesechapman@dreamhomesnyc.com,2125550029,1029,6/5/19,6/5/21,NY,135,Leah,Morris,,,5552350135,leah.morris135@email.com,Individual,1326,NY,New York,7302,3,Apartment,4,2,2,Pool,73,10001,22A,986,8th Ave,New York,NY,New York,3,Apartment,73,3601,Active,327,4/8/26,13:30,virtual tour,Scheduled,,,,,,,,,,10001,Chelsea,5,PS 33,281 9th Ave,New York,NY,New York,10001,5,train
328,3,Montclair Office,18 Bloomfield Ave,Montclair,NJ,7042,9735551313,15,Zaylee,Trejo,Agent,FT,4/4/19,zayleetrejo@dreamhomesnyc.com,9735550015,1015,4/4/19,4/4/21,NJ,152,Mark,Chen,,,5552520152,mark.chen152@email.com,Individual,1327,NJ,Montclair,7042,3,Apartment,3,1,4,Elevator,44,7042,5B,973,Park St,Montclair,NJ,Essex,3,Apartment,44,3570,Active,328,4/9/26,15:00,First showing,Canceled,,,,,,,,,,7042,Upper Montclair,3,Montclair High,100 Chestnut St,Montclair,NJ,Essex,7042,3,ferry
329,5,Chelsea Office,456 8th Ave,New York,NY,10001,2125551515,27,Alani,Stone,Agent,FT,4/1/24,alanistone@dreamhomesnyc.com,2125550027,1027,4/1/24,4/1/26,NY,193,Paul,Roe,,,5552930193,paul.roe193@email.com,Individual,1328,NY,New York,6901,1,Condo,2,2,1,Gym,78,10001,20A,235,W 26th St,New York,NY,New York,1,Condo,78,1217229,Active,,,,,,,,,,,,329,4/19/26,12:00,10001,Chelsea,5,PS 33,281 9th Ave,New York,NY,New York,10001,5,subway
330,2,Jersey City Office,90 Hudson St,Jersey City,NJ,7302,2015551212,9,Kamari,Leblanc,Agent,FT,10/19/20,kamarileblanc@dreamhomesnyc.com,2015550009,1009,10/19/20,10/19/22,NJ,83,Hannah,Scott,,,5551830083,hannah.scott83@email.com,Individual,1329,CT,Jersey City,7302,5,Co-op,2,3,,,36,7302,23A,631,Marin Blvd,Jersey City,NJ,Hudson,5,Co-op,36,1306794,Pending,,,,,,330,1234032.11,30582,3/16/26,sale,seller,,,,7302,Downtown JC,2,PS 16,96 Sussex St,Jersey City,NJ,Hudson,7302,2,bus
331,4,Princeton Office,55 Nassau St,PRINCETON,NJ,8542,6095551414,23,Ellianna,Nixon,Agent,PT,12/20/20,elliannanixon@dreamhomesnyc.com,6095550023,1023,12/20/20,12/20/22,NJ,36,Noah,Flores,,,5551360036,noah.flores36@email.com,Individual,1330,NJ,PRINCETON,8542,3,Apartment,3,2,2,Pool,70,8542,,535,Mercer St,Princeton,NJ,Mercer,3,Apartment,70,5890,Active,331,4/12/26,17:15,virtual tour,Canceled,,,,,,,,,,8542,Princeton Center,4,Princeton High,151 Moore St,Princeton,NJ,Mercer,8542,4,subway
332,2,Jersey City Office,90 Hudson St,Jersey City,NJ,7302,2015551212,9,Kamari,Leblanc,Agent,FT,10/19/20,kamarileblanc@dreamhomesnyc.com,2015550009,1009,10/19/20,10/19/22,NJ,63,Lina,Morris,,,5551630063,lina.morris63@email.com,Individual,1331,NJ,Princeton,7302,1,Condo,1,1,4,Elevator,22,7302,6A,895,Grove St,Jersey City,NJ,Hudson,2,House,22,1048321,Closed,332,4/13/26,10:30,late showing,Canceled,,,,,,,,,,7302,Downtown JC,2,PS 16,96 Sussex St,Jersey City,NJ,Hudson,7302,2,subway
333,2,Jersey City Office,90 Hudson Street,Jersey City,NJ,7302,2015551212,9,Kamari,Leblanc,Agent,FT,10/19/20,kamarileblanc@dreamhomesnyc.com,2015550009,1009,10/19/20,10/19/22,NJ,94,Chris,Cole,,,5551940094,chris.cole94@email.com,Individual,1332,NJ,Jersey City,8542,2,House,1,2,5,Doorman,34,7302,14B,276,Grand St,Jersey City,NJ,Hudson,1,Condo,34,1498207,Active,333,4/14/26,10:30,virtual tour,Scheduled,,,,,,,,,,7302,Downtown JC,2,PS 16,96 Sussex St,Jersey City,NJ,Hudson,7302,2,bus
334,4,Princeton Office,55 Nassau Street,Princeton,NJ,8542,6095551414,23,Ellianna,Nixon,Agent,PT,12/20/20,elliannanixon@dreamhomesnyc.com,6095550023,1023,12/20/20,12/20/22,NJ,170,,,Metro Holdings,91-1000170,5552700170,deals170@metroholdings,Corporation,1333,NJ,Princeton,8542,2,House,2,2,3,Parking,69,8542,,25,Witherspoon St,Princeton,NJ,Mercer,2,House,69,1165420,Pending,334,4/15/26,12:00,late showing,Scheduled,334,1135616.75,33455.44,3/20/26,sale,buyer,,,,8542,Princeton Center,4,Princeton High,151 Moore St,Princeton,NJ,Mercer,8542,4,subway
335,9,Greenwich Office,40 Field Point Rd,Greenwich,CT,6830,2035551919,53,Dayton,Prince,Agent,PT,6/26/22,daytonprince@dreamhomesnyc.com,2035550053,1053,6/26/22,6/26/24,CT,156,Noah,Flores,,,5552560156,noah.flores156@email.com,Individual,1334,CT,Greenwich,8542,2,House,1,1,5,Doorman,153,6830,,458,Mason St,Greenwich,CT,Fairfield,2,House,153,2481214,Active,335,4/16/26,10:30,commuting buyer,scheduled,,,,,,,335,4/25/26,13:00,6830,Greenwich Ave,9,Greenwich High,10 Hillside Rd,Greenwich,CT,Fairfield,6830,9,bus
336,3,Montclair Office,18 Bloomfield Ave,Montclair,NJ,7042,9735551313,15,Zaylee,Trejo,Agent,FT,4/4/19,zayleetrejo@dreamhomesnyc.com,9735550015,1015,4/4/19,4/4/21,NJ,164,Tara,Ross,,,5552640164,tara.ross164@email.com,Individual,1335,NJ,Montclair,7302,3,Apartment,4,3,2,Pool,44,7042,5B,973,Park St,Montclair,NJ,Essex,3,Apartment,44,3570,Active,336,4/17/26,17:15,follow-up,Completed,336,3644.93,85.89,3/22/26,sale,buyer,,,,7042,Upper Montclair,3,Montclair High,100 Chestnut St,Montclair,NJ,Essex,7042,3,ferry
337,1,Hoboken Office,123 River St,Hoboken,NJ,7030,2015551111,5,Raelynn,Singh,Agent,PT,6/11/23,raelynnsingh@dreamhomesnyc.com,2015550005,1005,6/11/23,6/11/25,NJ,68,,,Harborview Capital,78-1000068,5551680068,deals68@harborviewcapital,Corporation,1336,NJ,Hoboken,7030,5,Co-op,1,2,1,Gym,6,7030,,681,Hudson St,Hoboken,NJ,Hudson,2,House,6,799811,Active,337,4/18/26,12:00,family interested in schools,completed,,,,,,,,,,7030,Hoboken,1,Hoboken High,800 Clinton St,Hoboken,NJ,Hudson,7030,1,ferry
338,2,Jersey City Office,90 Hudson St,Jersey City,NJ,7302,2015551212,10,Braden,Cross,Agent,FT,11/21/21,bradencross@dreamhomesnyc.com,2015550010,1010,11/21/21,11/21/23,NJ,189,Owen,Foster,,,5552890189,owen.foster189@email.com,Individual,1337,NJ,Jersey City,7302,4,Townhouse,4,2,3,Parking,26,7302,,723,Grand St,Jersey City,NJ,Hudson,4,Townhouse,26,1397229,Active,338,4/19/26,15:00,virtual tour,Scheduled,338,1378698.67,37636.41,3/24/26,sale,buyer,,,,7302,Downtown JC,2,PS 16,96 Sussex St,Jersey City,NJ,Hudson,7302,2,subway
339,10,New Haven Office,275 Chapel Street,New Haven,CT,6510,2035552020,57,Shepherd,Clark,Agent,FT,10/7/19,shepherdclark@dreamhomesnyc.com,2035550057,1057,10/7/19,10/7/21,CT,128,Mia,Chen,,,5552280128,mia.chen128@email.com,Individual,1338,CT,New Haven,10601,3,Apartment,4,1,3,Parking,169,6510,,858,Orange St,New Haven,CT,New Haven,3,Apartment,169,3894,Active,,,,repeat row,,,,,,,,,,,6510,Downtown New Haven,10,Hillhouse HS,480 Sherman Pkwy,New Haven,CT,New Haven,6510,10,train
340,4,PRINCETON OFFICE,55 Nassau St,Princeton,NJ,8542,6095551414,21,Nathalia,Pitts,Agent,FT,10/16/18,nathaliapitts@dreamhomesnyc.com,6095550021,1021,10/16/18,10/16/20,NJ,85,,,North Elm Partners,95-1000085,5551850085,deals85@northelmpartners.com,Corporation,1339,NJ,Princeton,10001,1,Condo,3,3,,,68,8542,7A,859,Mercer St,Princeton,NJ,Mercer,1,Condo,68,2049864,Closed,340,4/21/26,12:00,investor inquiry,scheduled,,,,,,,,,,8542,Princeton Center,4,Princeton High,151 Moore St,Princeton,NJ,Mercer,8542,4,subway
341,8,STAMFORD OFFICE,300 Atlantic St,Stamford,CT,6901,2035551818,47,Jaylah,Hodges,Agent,PT,12/14/23,jaylahhodges@dreamhomesnyc.com,2035550047,1047,12/14/23,12/14/25,CT,143,,,Atlas Property Group,64-1000143,5552430143,deals143@atlaspropertygroup.com,Corporation,1340,CT,Stamford,6901,1,Condo,2,1,4,Elevator,134,6901,,579,Summer St,Stamford,CT,Fairfield,4,Townhouse,134,812932,Active,341,4/22/26,13:30,late showing,scheduled,341,774232.12,22522.73,3/27/26,sale,buyer,,,,6901,Downtown Stamford,8,Stamford HS,55 Strawberry Hill Ave,Stamford,CT,Fairfield,6901,8,bus
342,7,White Plains Office,10 Main St,White Plains,NY,10601,(914) 555-1717,41,Gwendolyn,Bridges,Agent,PT,6/2/24,gwendolynbridges@dreamhomesnyc.com,914-555-0041,1041,6/2/24,6/2/26,NY,21,Zoe,Foster,,,5551210021,zoe.foster21@email.com,Individual,1341,NY,White Plains,8542,4,Townhouse,2,2,3,Parking,111,10601,17A,102,Hamilton Ave,White Plains,NY,Westchester,1,Condo,111,1126543,Active,342,4/23/26,10:30,commuting buyer,Canceled,,,,,,,342,5/2/26,12:00,10601,Downtown White Plains,7,White Plains HS,550 North St,White Plains,NY,Westchester,10601,7,subway
343,6,Brooklyn Heights Office,200 Montague Street,Brooklyn,NY,11201,7185551616,32,Titan,Griffin,Senior Agent,FT,9/11/22,titangriffin@dreamhomesnyc.com,7185550032,1032,9/11/22,9/11/24,NY,78,Caleb,Kim,,,5551780078,caleb.kim78@email.com,Individual,1342,NY,Brooklyn,6901,2,House,2,2,5,Doorman,107,11201,,684,Joralemon St,Brooklyn,NY,Kings,2,House,107,1765225,Active,,,,repeat row,,,,,,,,,,,11201,Brooklyn Heights,6,Brooklyn Heights Prep,50 Court St,Brooklyn,NY,Kings,11201,6,bus
344,6,Brooklyn Heights Office,200 Montague St,Brooklyn,NY,11201,7185551616,34,Bruce,Richardson,Agent,FT,11/15/24,brucerichardson@dreamhomesnyc.com,7185550034,1034,11/15/24,11/15/26,NY,8,Mia,Chen,,,5551080008,mia.chen8@email.com,Individual,1343,NJ,White Plains,11201,4,Townhouse,2,1,5,Doorman,108,11201,,920,Joralemon St,Brooklyn,NY,Kings,4,Townhouse,108,1371150,Active,,,,,,344,1393170.2,32662.2,3/30/26,sale,buyer,,,,11201,Brooklyn Heights,6,Brooklyn Heights Prep,50 Court St,Brooklyn,NY,Kings,11201,6,bus
345,1,Hoboken Office,123 River St,Hoboken,NJ,7030,2015551111,5,Raelynn,Singh,Agent,PT,6/11/23,raelynnsingh@dreamhomesnyc.com,2015550005,1005,6/11/23,6/11/25,NJ,70,Ivy,Cole,,,5551700070,ivy.cole70@email.com,Individual,1344,CT,Hoboken,7030,5,Co-op,2,2,5,Doorman,14,7030,,442,River St,Hoboken,NJ,Hudson,2,House,14,729046,Active,345,4/26/26,9:00,family interested in schools,completed,345,733885.53,19238.65,3/31/26,sale,buyer,,,,7030,Hoboken,1,Hoboken High,800 Clinton St,Hoboken,NJ,Hudson,7030,1,subway
346,9,Greenwich Office,40 Field Point Rd,greenwich,CT,6830,2035551919,53,Dayton,Prince,Agent,PT,6/26/22,daytonprince@dreamhomesnyc.com,2035550053,1053,6/26/22,6/26/24,CT,2,Mark,Lee,,,5551020002,mark.lee2@email.com,Individual,1345,CT,JERSEY CITY,6830,3,Apartment,1,3,,,161,6830,25B,720,Greenwich Ave,Greenwich,CT,Fairfield,3,Apartment,161,4966,Active,346,4/27/26,13:30,First showing,Scheduled,,,,,,,,,,6830,Greenwich Ave,9,Greenwich High,10 Hillside Rd,Greenwich,CT,Fairfield,6830,9,train
347,9,Greenwich Office,40 Field Point Rd,Greenwich,CT,6830,2035551919,53,Dayton,Prince,Agent,PT,6/26/22,daytonprince@dreamhomesnyc.com,2035550053,1053,6/26/22,6/26/24,CT,169,Ava,Roe,,,5552690169,ava.roe169@email.com,Individual,1346,CT,Greenwich,7042,4,Townhouse,4,1,4,Elevator,157,6830,,336,Greenwich Ave,Greenwich,CT,Fairfield,4,Townhouse,157,3064235,Active,347,4/28/26,12:00,follow-up,completed,,,,,,,,,,6830,Greenwich Ave,9,Greenwich High,10 Hillside Rd,Greenwich,CT,Fairfield,6830,9,train
348,10,New Haven Office,275 Chapel St,New Haven,CT,6510,2035552020,58,Chloe,Zimmerman,Agent,FT,11/9/20,chloezimmerman@dreamhomesnyc.com,2035550058,1058,11/9/20,11/9/22,CT,107,Ruby,Scott,,,5552070107,ruby.scott107@email.com,Individual,1347,NJ,New Haven,6510,4,Townhouse,1,3,5,Doorman,179,6510,,985,Orange St,New Haven,CT,New Haven,4,Townhouse,179,899300,Active,348,4/29/26,12:00,price sensitive,scheduled,,,,,,,,,,6510,Downtown New Haven,10,Hillhouse HS,480 Sherman Pkwy,New Haven,CT,New Haven,6510,10,bus
349,6,Brooklyn Heights Office,200 Montague Street,Brooklyn,NY,11201,7185551616,35,Allison,Chung,Agent,PT,12/17/18,allisonchung@dreamhomesnyc.com,7185550035,1035,12/17/18,12/17/20,NY,129,Owen,Baker,,,5552290129,owen.baker129@email.com,Individual,1348,NY,Greenwich,11201,2,House,4,1,6,Laundry,92,11201,,150,Montague St,Brooklyn,NY,Kings,2,House,92,1710478,Active,,,,repeat row,,349,1728688.58,47432.33,4/4/26,sale,seller,349,5/9/26,14:00,11201,Brooklyn Heights,6,Brooklyn Heights Prep,50 Court St,Brooklyn,NY,Kings,11201,6,ferry
350,9,Greenwich Office,40 Field Point Rd,greenwich,CT,6830,2035551919,53,Dayton,Prince,Agent,PT,6/26/22,daytonprince@dreamhomesnyc.com,2035550053,1053,6/26/22,6/26/24,CT,148,Dylan,Ng,,,5552480148,dylan.ng148@email.com,Individual,1349,CT,GREENWICH,6830,3,Apartment,3,3,1,Gym,156,6830,19B,35,Mason St,Greenwich,CT,Fairfield,3,Apartment,156,6556,Active,350,5/1/26,17:15,price sensitive,Completed,350,6297.84,481.05,4/5/26,rental,renter,,,,6830,Greenwich Ave,9,Greenwich High,10 Hillside Rd,Greenwich,CT,Fairfield,6830,9,train
351,2,Jersey City Office,90 Hudson Street,Jersey City,NJ,7302,2015551212,8,Adler,Krueger,Senior Agent,FT,9/17/19,adlerkrueger@dreamhomesnyc.com,2015550008,1008,9/17/19,9/17/21,NJ,187,,,Stonebridge Inc,19-1000187,5552870187,deals187@stonebridgeinc.com,Corporation,1350,NY,Hoboken,7302,4,Townhouse,4,1,1,Gym,27,7302,,462,Grand St,Jersey City,NJ,Hudson,4,Townhouse,27,877934,Pending,,,,repeat row,,351,880467.12,22304.18,4/6/26,sale,buyer,351,4/6/26,14:00,7302,Downtown JC,2,PS 16,96 Sussex St,Jersey City,NJ,Hudson,7302,2,ferry
352,4,Princeton Office,55 Nassau St,Princeton,NJ,8542,6095551414,23,Ellianna,Nixon,Agent,PT,12/20/20,elliannanixon@dreamhomesnyc.com,6095550023,1023,12/20/20,12/20/22,NJ,42,Nina,Ward,,,5551420042,nina.ward42@email.com,Individual,1351,NJ,Princeton,7302,3,Apartment,4,1,,,58,8542,23B,825,Nassau St,Princeton,NJ,Mercer,3,Apartment,58,5733,Pending,352,5/3/26,15:00,follow-up,Canceled,352,5765.67,169.12,4/7/26,sale,seller,,,,8542,Princeton Center,4,Princeton High,151 Moore St,Princeton,NJ,Mercer,8542,4,ferry
353,8,Stamford Office,300 Atlantic St,Stamford,CT,6901,(203) 555-1818,47,Jaylah,Hodges,Agent,PT,12/14/23,jaylahhodges@dreamhomesnyc.com,203-555-0047,1047,12/14/23,12/14/25,CT,159,Owen,Morris,,,5552590159,owen.morris159@email.com,Individual,1352,NJ,Stamford,6901,3,Apartment,1,3,1,Gym,129,6901,,846,Atlantic St,Stamford,CT,Fairfield,3,Apartment,129,5949,Active,353,5/4/26,9:00,late showing,Scheduled,353,6211.12,470.34,4/8/26,rental,renter,,,,6901,Downtown Stamford,8,Stamford HS,55 Strawberry Hill Ave,Stamford,CT,Fairfield,6901,8,train
354,3,Montclair Office,18 Bloomfield Ave,Montclair,NJ,7042,9735551313,13,Tiffany,Griffith,Manager,FT,2/27/24,tiffanygriffith@dreamhomesnyc.com,9735550013,,,,,137,Ruby,Cooper,,,5552370137,ruby.cooper137@email.com,Individual,1353,NJ,New Haven,7042,2,House,1,3,3,Parking,41,7042,,323,Valley Rd,Montclair,NJ,Essex,2,House,41,960455,Active,354,5/5/26,9:00,late showing,scheduled,354,931745.76,26308.33,4/9/26,sale,buyer,354,4/9/26,13:00,7042,Upper Montclair,3,Montclair High,100 Chestnut St,Montclair,NJ,Essex,7042,3,ferry
355,4,Princeton Office,55 Nassau Street,Princeton,NJ,8542,6095551414,20,Harlem,Good,Senior Agent,FT,9/14/24,harlemgood@dreamhomesnyc.com,6095550020,1020,9/14/24,9/14/26,NJ,145,Priya,Roe,,,5552450145,priya.roe145@email.com,Individual,1354,CT,Hoboken,8542,3,Apartment,2,3,4,Elevator,61,8542,,18,Mercer St,Princeton,NJ,Mercer,3,Apartment,61,8000,Pending,,,,repeat row,,355,7550.05,171.89,4/10/26,sale,buyer,,,,8542,Princeton Center,4,Princeton High,151 Moore St,Princeton,NJ,Mercer,8542,4,ferry
356,5,Chelsea Office,456 8th Ave,New York,NY,10001,(212) 555-1515,26,Beckett,Delgado,Senior Agent,FT,3/26/23,beckettdelgado@dreamhomesnyc.com,212-555-0026,1026,3/26/23,3/26/25,NY,6,Noah,Kim,,,5551060006,noah.kim6@email.com,Individual,1355,NJ,Princeton,10001,1,Condo,3,2,4,Elevator,78,10001,20A,235,W 26th St,New York,NY,New York,1,Condo,78,1217229,Active,356,5/7/26,15:00,price sensitive,Scheduled,,,,,,,,,,10001,Chelsea,5,PS 33,281 9th Ave,New York,NY,New York,10001,5,subway
357,3,Montclair Office,18 Bloomfield Ave,Montclair,NJ,7042,9735551313,17,Charley,Houston,Agent,PT,6/8/21,charleyhouston@dreamhomesnyc.com,9735550017,1017,6/8/21,6/8/23,NJ,15,Leah,Morris,,,5551150015,leah.morris15@email.com,Individual,1356,NJ,Montclair,7042,4,Townhouse,3,3,,,50,7042,,720,Park St,Montclair,NJ,Essex,4,Townhouse,50,638479,Closed,,,,,,357,607451.75,14490.43,4/12/26,sale,buyer,,,,7042,Upper Montclair,3,Montclair High,100 Chestnut St,Montclair,NJ,Essex,7042,3,ferry
358,5,CHELSEA OFFICE,456 8th Ave,New York,NY,10001,2125551515,27,Alani,Stone,Agent,FT,4/1/24,alanistone@dreamhomesnyc.com,2125550027,1027,4/1/24,4/1/26,NY,102,,,Pine Street Ventures,23-1000102,5552020102,deals102@pinestreetventures,Corporation,1357,NY,New York,10001,5,Co-op,3,1,,,75,10001,23A,961,W 28th St,New York,NY,New York,5,Co-op,75,1428527,Pending,358,5/9/26,17:15,investor inquiry,canceled,,,,,,,,,,10001,Chelsea,5,PS 33,281 9th Ave,New York,NY,New York,10001,5,subway
359,5,Chelsea Office,456 8th Ave,NEW YORK,NY,10001,2125551515,28,Finn,Woods,Agent,FT,5/3/18,finnwoods@dreamhomesnyc.com,2125550028,1028,5/3/18,5/3/20,NY,129,Owen,Baker,,,5552290129,owen.baker129@email.com,Individual,1358,NY,NEW YORK,10001,4,Townhouse,2,1,2,Pool,82,10001,,191,W 28th St,New York,NY,New York,1,Condo,82,1358833,Active,359,5/10/26,15:00,family interested in schools,Scheduled,,,,,,,,,,10001,Chelsea,5,PS 33,281 9th Ave,New York,NY,New York,10001,5,ferry
360,10,New Haven Office,275 Chapel Street,New Haven,CT,6510,2035552020,56,Pearl,Roberson,Senior Agent,FT,9/5/18,pearlroberson@dreamhomesnyc.com,2035550056,1056,9/5/18,9/5/20,CT,196,Miles,Ng,,,5552960196,miles.ng196@email.com,Individual,1359,CT,New Haven,6510,4,Townhouse,2,3,3,Parking,179,6510,,985,Orange St,New Haven,CT,New Haven,4,Townhouse,179,899300,Active,,,,repeat row,,,,,,,,360,4/15/26,14:00,6510,Downtown New Haven,10,Hillhouse HS,480 Sherman Pkwy,New Haven,CT,New Haven,6510,10,bus
361,1,Hoboken Office,123 River St,Hoboken,NJ,7030,2015551111,2,Bronson,McCullough,Senior Agent,FT,3/5/20,bronsonmccullough@dreamhomesnyc.com,2015550002,1002,3/5/20,3/5/22,NJ,98,Mia,Lee,,,5551980098,mia.lee98@email.com,Individual,1360,NJ,Hoboken,7030,1,Condo,3,2,,,12,7030,,937,River St,Hoboken,NJ,Hudson,1,Condo,12,942004,Closed,,,,,,,,,,,,,,,7030,Hoboken,1,Hoboken High,800 Clinton St,Hoboken,NJ,Hudson,7030,1,subway
362,1,Hoboken Office,123 River St,HOBOKEN,NJ,7030,2015551111,3,Hana,Mora,Agent,FT,4/7/21,hanamora@dreamhomesnyc.com,2015550003,1003,4/7/21,4/7/23,NJ,160,Ivy,Bailey,,,5552600160,ivy.bailey160@email.com,Individual,1361,NJ,HOBOKEN,7030,5,Co-op,2,2,5,Doorman,8,7030,25A,778,Hudson St,Hoboken,NJ,Hudson,5,Co-op,8,1105884,Closed,362,4/3/26,15:00,investor inquiry,Completed,,,,,,,,,,7030,Hoboken,1,Hoboken High,800 Clinton St,Hoboken,NJ,Hudson,7030,1,bus
363,4,Princeton Office,55 Nassau St,Princeton,NJ,8542,6095551414,21,Nathalia,Pitts,Agent,FT,10/16/18,nathaliapitts@dreamhomesnyc.com,6095550021,1021,10/16/18,10/16/20,NJ,22,,,Pine Street Ventures,32-1000022,5551220022,deals22@pinestreetventures,Corporation,1362,CT,Princeton,8542,1,Condo,2,2,,,72,8542,,822,Mercer St,Princeton,NJ,Mercer,1,Condo,72,1667829,Active,363,4/4/26,9:00,investor inquiry,completed,,,,,,,,,,8542,Princeton Center,4,Princeton High,151 Moore St,Princeton,NJ,Mercer,8542,4,subway
364,7,White Plains Office,10 Main St,White Plains,NY,10601,(914) 555-1717,40,Blaine,McKinney,Agent,FT,5/27/23,blainemckinney@dreamhomesnyc.com,914-555-0040,1040,5/27/23,5/27/25,NY,113,Hannah,Cooper,,,5552130113,hannah.cooper113@email.com,Individual,1363,NY,White Plains,10601,3,Apartment,3,1,5,Doorman,114,10601,17A,833,Hamilton Ave,White Plains,NY,Westchester,3,Apartment,114,6775,Active,364,4/5/26,9:00,virtual tour,Completed,,,,,,,,,,10601,Downtown White Plains,7,White Plains HS,550 North St,White Plains,NY,Westchester,10601,7,subway
365,2,Jersey City Office,90 Hudson St,Jersey City,NJ,7302,2015551212,9,Kamari,Leblanc,Agent,FT,10/19/20,kamarileblanc@dreamhomesnyc.com,2015550009,1009,10/19/20,10/19/22,NJ,45,Leah,Foster,,,5551450045,leah.foster45@email.com,Individual,1364,NJ,Jersey City,7302,4,Townhouse,1,1,,,33,7302,,354,Marin Blvd,Jersey City,NJ,Hudson,4,Townhouse,33,873061,Active,365,4/6/26,10:30,First showing,Canceled,,,,,,,,,,7302,Downtown JC,2,PS 16,96 Sussex St,Jersey City,NJ,Hudson,7302,2,ferry
366,9,Greenwich Office,40 Field Point Rd,Greenwich,CT,6830,(203) 555-1919,53,Dayton,Prince,Agent,PT,6/26/22,daytonprince@dreamhomesnyc.com,203-555-0053,1053,6/26/22,6/26/24,CT,28,Dylan,Ng,,,5551280028,dylan.ng28@email.com,Individual,1365,CT,Greenwich,6830,5,Co-op,2,3,6,Laundry,154,6830,,420,Putnam Ave,Greenwich,CT,Fairfield,5,Co-op,154,1597674,Pending,366,4/7/26,12:00,price sensitive,Scheduled,366,1615144.25,40398.62,3/7/26,sale,seller,,,,6830,Greenwich Ave,9,Greenwich High,10 Hillside Rd,Greenwich,CT,Fairfield,6830,9,train
367,5,Chelsea Office,456 8th Ave,New York,NY,10001,2125551515,26,Beckett,Delgado,Senior Agent,FT,3/26/23,beckettdelgado@dreamhomesnyc.com,2125550026,1026,3/26/23,3/26/25,NY,42,Nina,Ward,,,5551420042,nina.ward42@email.com,Individual,1366,NY,New York,10001,1,Condo,1,3,6,Laundry,76,10001,14B,103,W 28th St,New York,NY,New York,1,Condo,76,1310301,Active,367,4/8/26,15:00,late showing,completed,,,,,,,,,,10001,Chelsea,5,PS 33,281 9th Ave,New York,NY,New York,10001,5,ferry
368,10,New Haven Office,275 Chapel St,New Haven,CT,6510,2035552020,59,Sergio,Harrison,Agent,PT,12/11/21,sergioharrison@dreamhomesnyc.com,2035550059,1059,12/11/21,12/11/23,CT,20,Mason,Ross,,,5551200020,mason.ross20@email.com,Individual,1367,NJ,New Haven,6830,5,Co-op,4,1,4,Elevator,167,6510,,511,Chapel St,New Haven,CT,New Haven,4,Townhouse,167,641740,Pending,368,4/9/26,15:00,virtual tour,Canceled,368,651520.63,16091.25,3/9/26,sale,buyer,,,,6510,Downtown New Haven,10,Hillhouse HS,480 Sherman Pkwy,New Haven,CT,New Haven,6510,10,bus
369,4,Princeton Office,55 Nassau St,Princeton,NJ,8542,6095551414,23,Ellianna,Nixon,Agent,PT,12/20/20,elliannanixon@dreamhomesnyc.com,6095550023,1023,12/20/20,12/20/22,NJ,192,Nina,Doe,,,5552920192,nina.doe192@email.com,Individual,1368,CT,Princeton,10601,4,Townhouse,2,3,,,60,8542,,875,Witherspoon St,Princeton,NJ,Mercer,4,Townhouse,60,1599778,Withdrawn,369,4/10/26,13:30,family interested in schools,completed,,,,,,,,,,8542,Princeton Center,4,Princeton High,151 Moore St,Princeton,NJ,Mercer,8542,4,ferry
370,6,Brooklyn Heights Office,200 Montague St,Brooklyn,NY,11201,7185551616,33,Charlie,Colon,Agent,FT,10/13/23,charliecolon@dreamhomesnyc.com,7185550033,1033,10/13/23,10/13/25,NY,171,Zoe,Patel,,,5552710171,zoe.patel171@email.com,Individual,1369,NY,Brooklyn,11201,4,Townhouse,1,2,6,Laundry,105,11201,,487,Joralemon St,Brooklyn,NY,Kings,4,Townhouse,105,1327266,Active,,,,,,370,1269121.68,32877.26,3/11/26,sale,buyer,370,4/25/26,13:00,11201,Brooklyn Heights,6,Brooklyn Heights Prep,50 Court St,Brooklyn,NY,Kings,11201,6,subway
371,2,Jersey City Office,90 Hudson St,Jersey City,NJ,7302,2015551212,10,Braden,Cross,Agent,FT,11/21/21,bradencross@dreamhomesnyc.com,2015550010,1010,11/21/21,11/21/23,NJ,9,Owen,Baker,,,5551090009,owen.baker9@email.com,Individual,1370,NJ,Jersey City,7302,4,Townhouse,2,2,3,Parking,26,7302,,723,Grand St,Jersey City,NJ,Hudson,4,Townhouse,26,1397229,Active,371,4/12/26,12:00,follow-up,scheduled,371,1429176.83,42338.5,3/12/26,sale,seller,,,,7302,Downtown JC,2,PS 16,96 Sussex St,Jersey City,NJ,Hudson,7302,2,subway
372,7,White Plains Office,10 Main Street,White Plains,NY,10601,9145551717,39,Zariyah,Gould,Agent,FT,4/25/22,zariyahgould@dreamhomesnyc.com,9145550039,1039,4/25/22,4/25/24,NY,188,Mia,Ross,,,5552880188,mia.ross188@email.com,Individual,1371,NY,Greenwich,10601,5,Co-op,3,2,2,Pool,123,10601,,881,Main St,White Plains,NY,Westchester,2,House,123,514768,Pending,372,4/13/26,15:00,investor inquiry,Scheduled,372,506735.77,11585.07,3/13/26,sale,seller,,,,10601,Downtown White Plains,7,White Plains HS,550 North St,White Plains,NY,Westchester,10601,7,subway
373,3,Montclair Office,18 Bloomfield Ave,montclair,NJ,7042,9735551313,13,Tiffany,Griffith,Manager,FT,2/27/24,tiffanygriffith@dreamhomesnyc.com,9735550013,,,,,189,Owen,Foster,,,5552890189,owen.foster189@email.com,Individual,1372,CT,MONTCLAIR,7042,5,Co-op,3,2,3,Parking,46,7042,27B,86,Bloomfield Ave,Montclair,NJ,Essex,5,Co-op,46,842720,Active,373,4/14/26,10:30,price sensitive,Canceled,,,,,,,373,4/28/26,11:00,7042,Upper Montclair,3,Montclair High,100 Chestnut St,Montclair,NJ,Essex,7042,3,ferry
374,2,Jersey City Office,90 Hudson St,Jersey City,NJ,7302,2015551212,10,Braden,Cross,Agent,FT,11/21/21,bradencross@dreamhomesnyc.com,2015550010,1010,11/21/21,11/21/23,NJ,131,Ryan,Scott,,,5552310131,ryan.scott131@email.com,Individual,1373,NJ,Jersey City,7302,5,Co-op,1,1,,,25,7302,,735,Grand St,Jersey City,NJ,Hudson,1,Condo,25,1152248,Active,,,,,,,,,,,,,,,7302,Downtown JC,2,PS 16,96 Sussex St,Jersey City,NJ,Hudson,7302,2,subway
375,7,White Plains Office,10 Main St,White Plains,NY,10601,(914) 555-1717,40,Blaine,McKinney,Agent,FT,5/27/23,blainemckinney@dreamhomesnyc.com,914-555-0040,1040,5/27/23,5/27/25,NY,29,Sara,Garcia,,,5551290029,sara.garcia29@email.com,Individual,1374,NJ,White Plains,10601,2,House,1,2,1,Gym,117,10601,,541,Mamaroneck Ave,White Plains,NY,Westchester,2,House,117,858955,Active,375,4/16/26,10:30,follow-up,Canceled,375,833341.26,21584.36,3/16/26,sale,buyer,,,,10601,Downtown White Plains,7,White Plains HS,550 North St,White Plains,NY,Westchester,10601,7,ferry
376,7,White Plains Office,10 Main St,White Plains,NY,10601,(914) 555-1717,41,Gwendolyn,Bridges,Agent,PT,6/2/24,gwendolynbridges@dreamhomesnyc.com,914-555-0041,1041,6/2/24,6/2/26,NY,181,Jane,Reed,,,5552810181,jane.reed181@email.com,Individual,1375,NY,White Plains,10601,1,Condo,4,1,2,Pool,111,10601,17A,102,Hamilton Ave,White Plains,NY,Westchester,1,Condo,111,1126543,Active,376,4/17/26,12:00,virtual tour,Completed,,,,,,,376,5/1/26,14:00,10601,Downtown White Plains,7,White Plains HS,550 North St,White Plains,NY,Westchester,10601,7,subway
377,3,Montclair Office,18 Bloomfield Ave,montclair,NJ,7042,9735551313,14,Franklin,Foley,Senior Agent,FT,3/2/18,franklinfoley@dreamhomesnyc.com,9735550014,1014,3/2/18,3/2/20,NJ,23,Hannah,Price,,,5551230023,hannah.price23@email.com,Individual,1376,CT,HOBOKEN,7042,4,Townhouse,3,1,5,Doorman,51,7042,,65,Bloomfield Ave,Montclair,NJ,Essex,4,Townhouse,51,1396907,Closed,377,4/18/26,15:00,family interested in schools,Canceled,,,,,,,,,,7042,Upper Montclair,3,Montclair High,100 Chestnut St,Montclair,NJ,Essex,7042,3,ferry
378,5,CHELSEA OFFICE,456 8th Ave,New York,NY,10001,2125551515,27,Alani,Stone,Agent,FT,4/1/24,alanistone@dreamhomesnyc.com,2125550027,1027,4/1/24,4/1/26,NY,126,Noah,Kim,,,5552260126,noah.kim126@email.com,Individual,1377,NY,New York,10001,5,Co-op,1,1,4,Elevator,75,10001,23A,961,W 28th St,New York,NY,New York,5,Co-op,75,1428527,Pending,,,,,,378,1427980.78,33369.97,3/19/26,sale,seller,,,,10001,Chelsea,5,PS 33,281 9th Ave,New York,NY,New York,10001,5,subway
379,2,Jersey City Office,90 Hudson St,Jersey City,NJ,7302,2015551212,10,Braden,Cross,Agent,FT,11/21/21,bradencross@dreamhomesnyc.com,2015550010,1010,11/21/21,11/21/23,NJ,126,Noah,Kim,,,5552260126,noah.kim126@email.com,Individual,1378,NJ,Hoboken,7302,4,Townhouse,2,1,4,Elevator,33,7302,,354,Marin Blvd,Jersey City,NJ,Hudson,4,Townhouse,33,873061,Active,379,4/20/26,13:30,commuting buyer,scheduled,379,824970.18,21565.79,3/20/26,sale,buyer,,,,7302,Downtown JC,2,PS 16,96 Sussex St,Jersey City,NJ,Hudson,7302,2,ferry
380,5,Chelsea Office,456 8th Ave,New York,NY,10001,2125551515,28,Finn,Woods,Agent,FT,5/3/18,finnwoods@dreamhomesnyc.com,2125550028,1028,5/3/18,5/3/20,NY,57,Bella,Baker,,,5551570057,bella.baker57@email.com,Individual,1379,NY,New York,10001,5,Co-op,3,3,,,79,10001,5B,582,W 28th St,New York,NY,New York,5,Co-op,79,1316271,Active,380,4/21/26,13:30,follow-up,Canceled,,,,,,,,,,10001,Chelsea,5,PS 33,281 9th Ave,New York,NY,New York,10001,5,train
381,10,New Haven Office,275 Chapel St,New Haven,CT,6510,2035552020,58,Chloe,Zimmerman,Agent,FT,11/9/20,chloezimmerman@dreamhomesnyc.com,2035550058,1058,11/9/20,11/9/22,CT,54,Jason,Kim,,,5551540054,jason.kim54@email.com,Individual,1380,CT,New Haven,6510,4,Townhouse,4,1,4,Elevator,168,6510,,345,State St,New Haven,CT,New Haven,4,Townhouse,168,800513,Closed,381,4/22/26,17:15,family interested in schools,Scheduled,381,753925.19,22280.5,3/22/26,sale,buyer,,,,6510,Downtown New Haven,10,Hillhouse HS,480 Sherman Pkwy,New Haven,CT,New Haven,6510,10,train
382,1,Hoboken Office,123 River St,Hoboken,NJ,7030,2015551111,3,Hana,Mora,Agent,FT,4/7/21,hanamora@dreamhomesnyc.com,2015550003,1003,4/7/21,4/7/23,NJ,78,Caleb,Kim,,,5551780078,caleb.kim78@email.com,Individual,1381,NJ,Hoboken,7030,4,Townhouse,1,2,3,Parking,11,7030,,931,Washington St,Hoboken,NJ,Hudson,4,Townhouse,11,885612,Pending,,,,,,382,872687.26,24239.91,3/23/26,sale,seller,382,5/7/26,12:00,7030,Hoboken,1,Hoboken High,800 Clinton St,Hoboken,NJ,Hudson,7030,1,subway
383,3,Montclair Office,18 Bloomfield Ave,Montclair,NJ,7042,9735551313,15,Zaylee,Trejo,Agent,FT,4/4/19,zayleetrejo@dreamhomesnyc.com,9735550015,1015,4/4/19,4/4/21,NJ,83,Hannah,Scott,,,5551830083,hannah.scott83@email.com,Individual,1382,NJ,New York,7042,4,Townhouse,2,3,4,Elevator,50,7042,,720,Park St,Montclair,NJ,Essex,4,Townhouse,50,638479,Closed,383,4/24/26,13:30,investor inquiry,completed,,,,,,,,,,7042,Upper Montclair,3,Montclair High,100 Chestnut St,Montclair,NJ,Essex,7042,3,ferry
384,6,Brooklyn Heights Office,200 Montague St,Brooklyn,NY,11201,7185551616,36,Ira,Pitts,Transaction Coordinator,FT,1/19/19,irapitts@dreamhomesnyc.com,7185550036,,,,,28,Dylan,Ng,,,5551280028,dylan.ng28@email.com,Individual,1383,NY,Brooklyn,11201,4,Townhouse,2,2,,,96,11201,,370,Joralemon St,Brooklyn,NY,Kings,1,Condo,96,552331,Active,384,4/25/26,9:00,follow-up,completed,384,562181.54,14714.31,3/25/26,sale,buyer,,,,11201,Brooklyn Heights,6,Brooklyn Heights Prep,50 Court St,Brooklyn,NY,Kings,11201,6,ferry
385,8,Stamford Office,300 Atlantic St,STAMFORD,CT,6901,2035551818,47,Jaylah,Hodges,Agent,PT,12/14/23,jaylahhodges@dreamhomesnyc.com,2035550047,1047,12/14/23,12/14/25,CT,146,Ethan,Lee,,,5552460146,ethan.lee146@email.com,Individual,1384,NJ,NEW YORK,6901,2,House,1,2,3,Parking,134,6901,,579,Summer St,Stamford,CT,Fairfield,4,Townhouse,134,812932,Active,385,4/26/26,15:00,virtual tour,completed,,,,,,,,,,6901,Downtown Stamford,8,Stamford HS,55 Strawberry Hill Ave,Stamford,CT,Fairfield,6901,8,bus
386,8,Stamford Office,300 Atlantic Street,Stamford,CT,6901,2035551818,45,Leia,Summers,Agent,FT,10/10/21,leiasummers@dreamhomesnyc.com,2035550045,1045,10/10/21,10/10/23,CT,190,Ivy,Cole,,,5552900190,ivy.cole190@email.com,Individual,1385,NJ,White Plains,10601,2,House,1,1,,,132,6901,,78,Atlantic St,Stamford,CT,Fairfield,2,House,132,1420571,Active,,,,repeat row,,386,1389569.03,33044.53,3/27/26,sale,seller,386,4/6/26,14:00,6901,Downtown Stamford,8,Stamford HS,55 Strawberry Hill Ave,Stamford,CT,Fairfield,6901,8,bus
387,5,Chelsea Office,456 8th Ave,New York,NY,10001,2125551515,26,Beckett,Delgado,Senior Agent,FT,3/26/23,beckettdelgado@dreamhomesnyc.com,2125550026,1026,3/26/23,3/26/25,NY,76,Miles,Ng,,,5551760076,miles.ng76@email.com,Individual,1386,CT,New York,10001,5,Co-op,4,1,5,Doorman,76,10001,14B,103,W 28th St,New York,NY,New York,1,Condo,76,1310301,Active,,,,repeat row,,,,,,,,,,,10001,Chelsea,5,PS 33,281 9th Ave,New York,NY,New York,10001,5,ferry
388,3,Montclair Office,18 Bloomfield Ave,Montclair,NJ,7042,9735551313,18,Sylas,Stuart,Transaction Coordinator,FT,7/10/22,sylasstuart@dreamhomesnyc.com,9735550018,,,,,185,Eva,Cooper,,,5552850185,eva.cooper185@email.com,Individual,1387,NJ,Montclair,6901,3,Apartment,2,1,,,54,7042,19A,867,Valley Rd,Montclair,NJ,Essex,3,Apartment,54,8313,Active,388,4/29/26,10:30,follow-up,completed,,,,,,,,,,7042,Upper Montclair,3,Montclair High,100 Chestnut St,Montclair,NJ,Essex,7042,3,ferry
389,1,Hoboken Office,123 River St,Hoboken,NJ,7030,(201) 555-1111,2,Bronson,McCullough,Senior Agent,FT,3/5/20,bronsonmccullough@dreamhomesnyc.com,201-555-0002,1002,3/5/20,3/5/22,NJ,144,Jason,Doe,,,5552440144,jason.doe144@email.com,Individual,1388,NY,Hoboken,10001,4,Townhouse,2,3,3,Parking,18,7030,3A,646,Washington St,Hoboken,NJ,Hudson,4,Townhouse,18,788890,Active,389,4/30/26,17:15,family interested in schools,Scheduled,,,,,,,389,4/9/26,12:00,7030,Hoboken,1,Hoboken High,800 Clinton St,Hoboken,NJ,Hudson,7030,1,bus
390,4,Princeton Office,55 Nassau St,PRINCETON,NJ,8542,6095551414,20,Harlem,Good,Senior Agent,FT,9/14/24,harlemgood@dreamhomesnyc.com,6095550020,1020,9/14/24,9/14/26,NJ,33,,,Blue Peak LLC,43-1000033,5551330033,deals33@bluepeakllc.com,Corporation,1389,CT,PRINCETON,8542,1,Condo,3,3,6,Laundry,68,8542,7A,859,Mercer St,Princeton,NJ,Mercer,1,Condo,68,2049864,Closed,,,,,,390,1927364.89,46716.88,3/31/26,sale,buyer,390,4/10/26,12:00,8542,Princeton Center,4,Princeton High,151 Moore St,Princeton,NJ,Mercer,8542,4,subway
391,5,Chelsea Office,456 8th Ave,New York,NY,10001,2125551515,29,Reese,Chapman,Agent,PT,6/5/19,reesechapman@dreamhomesnyc.com,2125550029,1029,6/5/19,6/5/21,NY,14,Tara,Hall,,,5551140014,tara.hall14@email.com,Individual,1390,NY,White Plains,11201,3,Apartment,1,1,4,Elevator,83,10001,12A,615,8th Ave,New York,NY,New York,3,Apartment,83,6390,Active,391,5/2/26,15:00,late showing,completed,391,6457.34,237.4,4/1/26,rental,owner,,,,10001,Chelsea,5,PS 33,281 9th Ave,New York,NY,New York,10001,5,bus
392,3,Montclair Office,18 Bloomfield Ave,MONTCLAIR,NJ,7042,9735551313,17,Charley,Houston,Agent,PT,6/8/21,charleyhouston@dreamhomesnyc.com,9735550017,1017,6/8/21,6/8/23,NJ,114,Jason,Ward,,,5552140114,jason.ward114@email.com,Individual,1391,NJ,JERSEY CITY,7042,1,Condo,2,1,6,Laundry,37,7042,22A,723,Park St,Montclair,NJ,Essex,1,Condo,37,1049186,Closed,392,5/3/26,13:30,family interested in schools,completed,,,,,,,,,,7042,Upper Montclair,3,Montclair High,100 Chestnut St,Montclair,NJ,Essex,7042,3,train
393,1,Hoboken Office,123 River St,Hoboken,NJ,7030,(201) 555-1111,2,Bronson,McCullough,Senior Agent,FT,3/5/20,bronsonmccullough@dreamhomesnyc.com,201-555-0002,1002,3/5/20,3/5/22,NJ,93,Lina,Foster,,,5551930093,lina.foster93@email.com,Individual,1392,NJ,Hoboken,7030,1,Condo,2,2,6,Laundry,3,7030,,399,River St,Hoboken,NJ,Hudson,1,Condo,3,695561,Active,393,5/4/26,13:30,commuting buyer,Scheduled,,,,,,,,,,7030,Hoboken,1,Hoboken High,800 Clinton St,Hoboken,NJ,Hudson,7030,1,bus
394,9,Greenwich Office,40 Field Point Rd,Greenwich,CT,6830,2035551919,54,Greta,Hamilton,Transaction Coordinator,FT,7/1/23,gretahamilton@dreamhomesnyc.com,2035550054,,,,,121,,,Blue Peak LLC,42-1000121,5552210121,deals121@bluepeakllc.com,Corporation,1393,CT,Greenwich,6830,5,Co-op,1,1,6,Laundry,147,6830,,374,Putnam Ave,Greenwich,CT,Fairfield,2,House,147,1546849,Pending,394,5/5/26,10:30,follow-up,scheduled,,,,,,,394,4/14/26,14:00,6830,Greenwich Ave,9,Greenwich High,10 Hillside Rd,Greenwich,CT,Fairfield,6830,9,bus
395,2,JERSEY CITY OFFICE,90 Hudson St,Jersey City,NJ,7302,2015551212,9,Kamari,Leblanc,Agent,FT,10/19/20,kamarileblanc@dreamhomesnyc.com,2015550009,1009,10/19/20,10/19/22,NJ,50,Mason,Lee,,,5551500050,mason.lee50@email.com,Individual,1394,NJ,Brooklyn,11201,2,House,3,2,,,25,7302,,735,Grand St,Jersey City,NJ,Hudson,1,Condo,25,1152248,Active,395,5/6/26,9:00,follow-up,completed,,,,,,,,,,7302,Downtown JC,2,PS 16,96 Sussex St,Jersey City,NJ,Hudson,7302,2,subway
396,7,White Plains Office,10 Main St,White Plains,NY,10601,9145551717,40,Blaine,McKinney,Agent,FT,5/27/23,blainemckinney@dreamhomesnyc.com,9145550040,1040,5/27/23,5/27/25,NY,156,Noah,Flores,,,5552560156,noah.flores156@email.com,Individual,1395,NY,White Plains,10601,1,Condo,2,2,,,114,10601,17A,833,Hamilton Ave,White Plains,NY,Westchester,3,Apartment,114,6775,Active,396,5/7/26,15:00,virtual tour,scheduled,396,6497.61,423.16,4/6/26,rental,owner,,,,10601,Downtown White Plains,7,White Plains HS,550 North St,White Plains,NY,Westchester,10601,7,subway
397,1,Hoboken Office,123 River St,hoboken,NJ,7030,2015551111,2,Bronson,McCullough,Senior Agent,FT,3/5/20,bronsonmccullough@dreamhomesnyc.com,2015550002,1002,3/5/20,3/5/22,NJ,96,Noah,Doe,,,5551960096,noah.doe96@email.com,Individual,1396,NJ,PRINCETON,7030,1,Condo,1,1,3,Parking,3,7030,,399,River St,Hoboken,NJ,Hudson,1,Condo,3,695561,Active,397,5/8/26,12:00,commuting buyer,Completed,,,,,,,397,4/17/26,12:00,7030,Hoboken,1,Hoboken High,800 Clinton St,Hoboken,NJ,Hudson,7030,1,bus
398,10,New Haven Office,275 Chapel St,New Haven,CT,6510,(203) 555-2020,56,Pearl,Roberson,Senior Agent,FT,9/5/18,pearlroberson@dreamhomesnyc.com,203-555-0056,1056,9/5/18,9/5/20,CT,24,Jason,Doe,,,5551240024,jason.doe24@email.com,Individual,1397,CT,New Haven,6510,4,Townhouse,2,1,5,Doorman,179,6510,,985,Orange St,New Haven,CT,New Haven,4,Townhouse,179,899300,Active,398,5/9/26,17:15,commuting buyer,Canceled,,,,,,,,,,6510,Downtown New Haven,10,Hillhouse HS,480 Sherman Pkwy,New Haven,CT,New Haven,6510,10,bus
399,5,Chelsea Office,456 8th Ave,New York,NY,10001,2125551515,27,Alani,Stone,Agent,FT,4/1/24,alanistone@dreamhomesnyc.com,2125550027,1027,4/1/24,4/1/26,NY,129,Owen,Baker,,,5552290129,owen.baker129@email.com,Individual,1398,NY,New York,10001,3,Apartment,1,2,6,Laundry,88,10001,24A,799,W 28th St,New York,NY,New York,5,Co-op,88,650182,Active,399,5/10/26,10:30,virtual tour,completed,399,644160.83,17674.02,4/9/26,sale,buyer,,,,10001,Chelsea,5,PS 33,281 9th Ave,New York,NY,New York,10001,5,bus
400,1,Hoboken Office,123 River St,Hoboken,NJ,7030,2015551111,2,Bronson,McCullough,Senior Agent,FT,3/5/20,bronsonmccullough@dreamhomesnyc.com,2015550002,1002,3/5/20,3/5/22,NJ,122,Mark,Lee,,,5552220122,mark.lee122@email.com,Individual,1399,NJ,Hoboken,7030,3,Apartment,1,2,,,3,7030,,399,River St,Hoboken,NJ,Hudson,1,Condo,3,695561,Active,400,4/1/26,15:00,commuting buyer,scheduled,,,,,,,,,,7030,Hoboken,1,Hoboken High,800 Clinton St,Hoboken,NJ,Hudson,7030,1,bus
401,7,White Plains Office,10 Main St,White Plains,NY,10601,9145551717,41,Gwendolyn,Bridges,Agent,PT,6/2/24,gwendolynbridges@dreamhomesnyc.com,9145550041,1041,6/2/24,6/2/26,NY,77,,,North Elm Partners,87-1000077,5551770077,deals77@northelmpartners.com,Corporation,1400,NY,Princeton,6830,5,Co-op,2,2,5,Doorman,124,10601,,886,Main St,White Plains,NY,Westchester,5,Co-op,124,1000646,Active,401,4/2/26,12:00,family interested in schools,completed,,,,,,,401,4/21/26,13:00,10601,Downtown White Plains,7,White Plains HS,550 North St,White Plains,NY,Westchester,10601,7,bus
402,2,Jersey City Office,90 Hudson St,Jersey City,NJ,7302,2015551212,10,Braden,Cross,Agent,FT,11/21/21,bradencross@dreamhomesnyc.com,2015550010,1010,11/21/21,11/21/23,NJ,197,Ruby,Garcia,,,5552970197,ruby.garcia197@email.com,Individual,1401,NJ,Jersey City,7302,1,Condo,4,1,2,Pool,24,7302,38B,128,Grand St,Jersey City,NJ,Hudson,1,Condo,24,1325550,Closed,402,4/3/26,10:30,commuting buyer,Scheduled,,,,,,,402,4/22/26,13:00,7302,Downtown JC,2,PS 16,96 Sussex St,Jersey City,NJ,Hudson,7302,2,train
403,3,Montclair Office,18 Bloomfield Ave,Montclair,NJ,7042,9735551313,15,Zaylee,Trejo,Agent,FT,4/4/19,zayleetrejo@dreamhomesnyc.com,9735550015,1015,4/4/19,4/4/21,NJ,121,,,Blue Peak LLC,42-1000121,5552210121,deals121@bluepeakllc.com,Corporation,1402,NJ,Montclair,7042,2,House,2,2,2,Pool,41,7042,,323,Valley Rd,Montclair,NJ,Essex,2,House,41,960455,Active,403,4/4/26,10:30,commuting buyer,canceled,,,,,,,,,,7042,Upper Montclair,3,Montclair High,100 Chestnut St,Montclair,NJ,Essex,7042,3,ferry
404,8,Stamford Office,300 Atlantic Street,Stamford,CT,6901,2035551818,46,Darius,Beasley,Agent,FT,11/12/22,dariusbeasley@dreamhomesnyc.com,2035550046,1046,11/12/22,11/12/24,CT,126,Noah,Kim,,,5552260126,noah.kim126@email.com,Individual,1403,CT,Hoboken,6901,1,Condo,1,2,5,Doorman,137,6901,,226,Atlantic St,Stamford,CT,Fairfield,1,Condo,137,1174475,Active,404,4/5/26,9:00,family interested in schools,Completed,,,,,,,404,4/24/26,13:00,6901,Downtown Stamford,8,Stamford HS,55 Strawberry Hill Ave,Stamford,CT,Fairfield,6901,8,bus
405,5,Chelsea Office,456 8th Ave,New York,NY,10001,2125551515,26,Beckett,Delgado,Senior Agent,FT,3/26/23,beckettdelgado@dreamhomesnyc.com,2125550026,1026,3/26/23,3/26/25,NY,47,Ruby,Price,,,5551470047,ruby.price47@email.com,Individual,1404,NY,New York,10001,1,Condo,2,2,1,Gym,87,10001,,105,W 28th St,New York,NY,New York,5,Co-op,87,901589,Active,405,4/6/26,9:00,late showing,Scheduled,,,,,,,,,,10001,Chelsea,5,PS 33,281 9th Ave,New York,NY,New York,10001,5,bus
406,3,Montclair Office,18 Bloomfield Ave,Montclair,NJ,7042,9735551313,14,Franklin,Foley,Senior Agent,FT,3/2/18,franklinfoley@dreamhomesnyc.com,9735550014,1014,3/2/18,3/2/20,NJ,148,Dylan,Ng,,,5552480148,dylan.ng148@email.com,Individual,1405,NJ,Hoboken,7042,4,Townhouse,2,1,5,Doorman,42,7042,18A,132,Valley Rd,Montclair,NJ,Essex,3,Apartment,42,4463,Active,,,,,,,,,,,,,,,7042,Upper Montclair,3,Montclair High,100 Chestnut St,Montclair,NJ,Essex,7042,3,subway
407,5,Chelsea Office,456 8th Ave,New York,NY,10001,2125551515,27,Alani,Stone,Agent,FT,4/1/24,alanistone@dreamhomesnyc.com,2125550027,1027,4/1/24,4/1/26,NY,29,Sara,Garcia,,,5551290029,sara.garcia29@email.com,Individual,1406,NY,New York,10001,3,Apartment,1,1,2,Pool,86,10001,10B,93,W 28th St,New York,NY,New York,3,Apartment,86,5685,Pending,407,4/8/26,15:00,virtual tour,scheduled,407,5560.9,176.2,3/3/26,rental,renter,,,,10001,Chelsea,5,PS 33,281 9th Ave,New York,NY,New York,10001,5,bus
408,4,Princeton Office,55 Nassau Street,Princeton,NJ,8542,6095551414,23,Ellianna,Nixon,Agent,PT,12/20/20,elliannanixon@dreamhomesnyc.com,6095550023,1023,12/20/20,12/20/22,NJ,173,Hannah,Garcia,,,5552730173,hannah.garcia173@email.com,Individual,1407,NJ,Greenwich,8542,3,Apartment,2,1,1,Gym,65,8542,4A,674,Witherspoon St,Princeton,NJ,Mercer,3,Apartment,65,8092,Closed,408,4/9/26,9:00,commuting buyer,Completed,408,8120.31,259.31,3/4/26,rental,owner,,,,8542,Princeton Center,4,Princeton High,151 Moore St,Princeton,NJ,Mercer,8542,4,train
409,5,Chelsea Office,456 8th Ave,New York,NY,10001,2125551515,30,Knox,Paul,Transaction Coordinator,FT,7/7/20,knoxpaul@dreamhomesnyc.com,2125550030,,,,,159,Owen,Morris,,,5552590159,owen.morris159@email.com,Individual,1408,NY,Greenwich,10001,4,Townhouse,2,2,,,89,10001,,635,W 26th St,New York,NY,New York,4,Townhouse,89,1970394,Closed,,,,,,,,,,,,,,,10001,Chelsea,5,PS 33,281 9th Ave,New York,NY,New York,10001,5,ferry
410,10,New Haven Office,275 Chapel St,New Haven,CT,6510,(203) 555-2020,58,Chloe,Zimmerman,Agent,FT,11/9/20,chloezimmerman@dreamhomesnyc.com,203-555-0058,1058,11/9/20,11/9/22,CT,103,Paul,Allen,,,5552030103,paul.allen103@email.com,Individual,1409,CT,New York,7302,4,Townhouse,1,1,5,Doorman,164,6510,,852,Chapel St,New Haven,CT,New Haven,5,Co-op,164,715509,Closed,,,,,,410,724027.76,18322.81,3/6/26,sale,seller,410,4/30/26,14:00,6510,Downtown New Haven,10,Hillhouse HS,480 Sherman Pkwy,New Haven,CT,New Haven,6510,10,train
411,4,Princeton Office,55 Nassau St,Princeton,NJ,8542,6095551414,23,Ellianna,Nixon,Agent,PT,12/20/20,elliannanixon@dreamhomesnyc.com,6095550023,1023,12/20/20,12/20/22,NJ,12,Nina,Flores,,,5551120012,nina.flores12@email.com,Individual,1410,NJ,New York,8542,4,Townhouse,1,2,,,71,8542,,85,Nassau St,Princeton,NJ,Mercer,4,Townhouse,71,2109288,Active,,,,,,411,2024745.91,45831.23,3/7/26,sale,seller,411,5/1/26,13:00,8542,Princeton Center,4,Princeton High,151 Moore St,Princeton,NJ,Mercer,8542,4,subway
412,9,Greenwich Office,40 Field Point Rd,Greenwich,CT,6830,2035551919,52,Thalia,Sierra,Agent,FT,5/24/21,thaliasierra@dreamhomesnyc.com,2035550052,1052,5/24/21,5/24/23,CT,153,,,Blue Peak LLC,74-1000153,5552530153,deals153@bluepeakllc.com,Corporation,1411,CT,Greenwich,7030,1,Condo,2,2,,,151,6830,26B,148,Mason St,Greenwich,CT,Fairfield,1,Condo,151,1742432,Active,412,4/13/26,17:15,price sensitive,scheduled,412,1642946.08,47468.31,3/8/26,sale,buyer,,,,6830,Greenwich Ave,9,Greenwich High,10 Hillside Rd,Greenwich,CT,Fairfield,6830,9,bus
413,2,Jersey City Office,90 Hudson Street,Jersey City,NJ,7302,2015551212,9,Kamari,Leblanc,Agent,FT,10/19/20,kamarileblanc@dreamhomesnyc.com,2015550009,1009,10/19/20,10/19/22,NJ,136,,,Acme Holdings,57-1000136,5552360136,deals136@acmeholdings,Corporation,1412,NJ,Jersey City,7302,2,House,1,1,4,Elevator,22,7302,6A,895,Grove St,Jersey City,NJ,Hudson,2,House,22,1048321,Closed,413,4/14/26,9:00,investor inquiry,completed,,,,,,,,,,7302,Downtown JC,2,PS 16,96 Sussex St,Jersey City,NJ,Hudson,7302,2,subway
414,6,Brooklyn Heights Office,200 Montague St,brooklyn,NY,11201,7185551616,35,Allison,Chung,Agent,PT,12/17/18,allisonchung@dreamhomesnyc.com,7185550035,1035,12/17/18,12/17/20,NY,32,Mark,Chen,,,5551320032,mark.chen32@email.com,Individual,1413,NY,BROOKLYN,6510,3,Apartment,1,2,5,Doorman,97,11201,,965,Court St,Brooklyn,NY,Kings,3,Apartment,97,3619,Closed,414,4/15/26,12:00,follow-up,Canceled,,,,,,,,,,11201,Brooklyn Heights,6,Brooklyn Heights Prep,50 Court St,Brooklyn,NY,Kings,11201,6,ferry
415,7,White Plains Office,10 Main St,white plains,NY,10601,9145551717,40,Blaine,McKinney,Agent,FT,5/27/23,blainemckinney@dreamhomesnyc.com,9145550040,1040,5/27/23,5/27/25,NY,116,Ethan,Ross,,,5552160116,ethan.ross116@email.com,Individual,1414,NY,WHITE PLAINS,10601,4,Townhouse,2,2,5,Doorman,119,10601,5A,848,Hamilton Ave,White Plains,NY,Westchester,4,Townhouse,119,724381,Closed,415,4/16/26,13:30,commuting buyer,Completed,,,,,,,,,,10601,Downtown White Plains,7,White Plains HS,550 North St,White Plains,NY,Westchester,10601,7,bus
416,9,Greenwich Office,40 Field Point Rd,GREENWICH,CT,6830,2035551919,53,Dayton,Prince,Agent,PT,6/26/22,daytonprince@dreamhomesnyc.com,2035550053,1053,6/26/22,6/26/24,CT,105,Leah,Baker,,,5552050105,leah.baker105@email.com,Individual,1415,NY,GREENWICH,6830,5,Co-op,4,1,,,154,6830,,420,Putnam Ave,Greenwich,CT,Fairfield,5,Co-op,154,1597674,Pending,416,4/17/26,15:00,family interested in schools,Completed,,,,,,,,,,6830,Greenwich Ave,9,Greenwich High,10 Hillside Rd,Greenwich,CT,Fairfield,6830,9,train
417,5,Chelsea Office,456 8th Ave,NEW YORK,NY,10001,2125551515,29,Reese,Chapman,Agent,PT,6/5/19,reesechapman@dreamhomesnyc.com,2125550029,1029,6/5/19,6/5/21,NY,17,,,Blue Peak LLC,27-1000017,5551170017,deals17@bluepeakllc.com,Corporation,1416,NJ,NEW YORK,10001,3,Apartment,2,1,1,Gym,83,10001,12A,615,8th Ave,New York,NY,New York,3,Apartment,83,6390,Active,,,,,,,,,,,,,,,10001,Chelsea,5,PS 33,281 9th Ave,New York,NY,New York,10001,5,bus
418,1,Hoboken Office,123 River St,Hoboken,NJ,7030,(201) 555-1111,6,Louis,Guevara,Transaction Coordinator,FT,7/13/24,louisguevara@dreamhomesnyc.com,201-555-0006,,,,,174,Jason,Kim,,,5552740174,jason.kim174@email.com,Individual,1417,NJ,Hoboken,7030,5,Co-op,2,2,5,Doorman,2,7030,35B,213,Washington St,Hoboken,NJ,Hudson,5,Co-op,2,1121029,Withdrawn,418,4/19/26,15:00,First showing,scheduled,,,,,,,,,,7030,Hoboken,1,Hoboken High,800 Clinton St,Hoboken,NJ,Hudson,7030,1,subway
419,1,Hoboken Office,123 River St,HOBOKEN,NJ,7030,2015551111,3,Hana,Mora,Agent,FT,4/7/21,hanamora@dreamhomesnyc.com,2015550003,1003,4/7/21,4/7/23,NJ,184,Chris,Bailey,,,5552840184,chris.bailey184@email.com,Individual,1418,CT,HOBOKEN,7030,4,Townhouse,1,2,6,Laundry,11,7030,,931,Washington St,Hoboken,NJ,Hudson,4,Townhouse,11,885612,Pending,419,4/20/26,13:30,late showing,Completed,,,,,,,,,,7030,Hoboken,1,Hoboken High,800 Clinton St,Hoboken,NJ,Hudson,7030,1,subway
420,10,NEW HAVEN OFFICE,275 Chapel St,New Haven,CT,6510,2035552020,58,Chloe,Zimmerman,Agent,FT,11/9/20,chloezimmerman@dreamhomesnyc.com,2035550058,1058,11/9/20,11/9/22,CT,118,Dylan,Cole,,,5552180118,dylan.cole118@email.com,Individual,1419,NY,New York,6510,1,Condo,2,2,,,165,6510,,804,Chapel St,New Haven,CT,New Haven,1,Condo,165,412241,Active,420,4/21/26,15:00,investor inquiry,scheduled,420,401265.74,10120.1,3/16/26,sale,seller,,,,6510,Downtown New Haven,10,Hillhouse HS,480 Sherman Pkwy,New Haven,CT,New Haven,6510,10,bus
421,7,White Plains Office,10 Main St,White Plains,NY,10601,9145551717,41,Gwendolyn,Bridges,Agent,PT,6/2/24,gwendolynbridges@dreamhomesnyc.com,9145550041,1041,6/2/24,6/2/26,NY,173,Hannah,Garcia,,,5552730173,hannah.garcia173@email.com,Individual,1420,NY,Montclair,10601,2,House,2,2,,,122,10601,26B,437,Mamaroneck Ave,White Plains,NY,Westchester,2,House,122,1132063,Active,421,4/22/26,9:00,investor inquiry,Canceled,,,,,,,,,,10601,Downtown White Plains,7,White Plains HS,550 North St,White Plains,NY,Westchester,10601,7,subway
422,7,White Plains Office,10 Main St,White Plains,NY,10601,(914) 555-1717,39,Zariyah,Gould,Agent,FT,4/25/22,zariyahgould@dreamhomesnyc.com,914-555-0039,1039,4/25/22,4/25/24,NY,44,,,Harborview Capital,54-1000044,5551440044,deals44@harborviewcapital,Corporation,1421,CT,White Plains,11201,2,House,2,2,4,Elevator,123,10601,,881,Main St,White Plains,NY,Westchester,2,House,123,514768,Pending,,,,,,422,527753.2,13229.59,3/18/26,sale,seller,422,4/7/26,12:00,10601,Downtown White Plains,7,White Plains HS,550 North St,White Plains,NY,Westchester,10601,7,subway
423,10,New Haven Office,275 Chapel St,NEW HAVEN,CT,6510,2035552020,59,Sergio,Harrison,Agent,PT,12/11/21,sergioharrison@dreamhomesnyc.com,2035550059,1059,12/11/21,12/11/23,CT,128,Mia,Chen,,,5552280128,mia.chen128@email.com,Individual,1422,CT,HOBOKEN,6830,2,House,2,1,1,Gym,167,6510,,511,Chapel St,New Haven,CT,New Haven,4,Townhouse,167,641740,Pending,423,4/24/26,15:00,follow-up,Scheduled,,,,,,,,,,6510,Downtown New Haven,10,Hillhouse HS,480 Sherman Pkwy,New Haven,CT,New Haven,6510,10,bus
424,10,New Haven Office,275 Chapel St,New Haven,CT,6510,2035552020,56,Pearl,Roberson,Senior Agent,FT,9/5/18,pearlroberson@dreamhomesnyc.com,2035550056,1056,9/5/18,9/5/20,CT,59,Sara,Scott,,,5551590059,sara.scott59@email.com,Individual,1423,CT,New Haven,6510,5,Co-op,3,2,,,177,6510,14A,795,Orange St,New Haven,CT,New Haven,5,Co-op,177,964923,Pending,,,,,,424,933320.3,22453.81,3/20/26,sale,buyer,,,,6510,Downtown New Haven,10,Hillhouse HS,480 Sherman Pkwy,New Haven,CT,New Haven,6510,10,train
425,7,WHITE PLAINS OFFICE,10 Main St,White Plains,NY,10601,9145551717,40,Blaine,McKinney,Agent,FT,5/27/23,blainemckinney@dreamhomesnyc.com,9145550040,1040,5/27/23,5/27/25,NY,14,Tara,Hall,,,5551140014,tara.hall14@email.com,Individual,1424,NY,White Plains,10601,4,Townhouse,1,2,4,Elevator,119,10601,5A,848,Hamilton Ave,White Plains,NY,Westchester,4,Townhouse,119,724381,Closed,425,4/26/26,9:00,commuting buyer,scheduled,,,,,,,,,,10601,Downtown White Plains,7,White Plains HS,550 North St,White Plains,NY,Westchester,10601,7,bus
426,1,Hoboken Office,123 River St,Hoboken,NJ,7030,2015551111,2,Bronson,McCullough,Senior Agent,FT,3/5/20,bronsonmccullough@dreamhomesnyc.com,2015550002,1002,3/5/20,3/5/22,NJ,105,Leah,Baker,,,5552050105,leah.baker105@email.com,Individual,1425,NJ,Hoboken,7030,1,Condo,3,2,,,1,7030,9A,35,Washington St,Hoboken,NJ,Hudson,1,Condo,1,1422246,Active,426,4/27/26,17:15,investor inquiry,scheduled,426,1433759.22,34218.6,3/22/26,sale,buyer,,,,7030,Hoboken,1,Hoboken High,800 Clinton St,Hoboken,NJ,Hudson,7030,1,subway
427,8,STAMFORD OFFICE,300 Atlantic St,Stamford,CT,6901,2035551818,44,August,Walsh,Senior Agent,FT,9/8/20,augustwalsh@dreamhomesnyc.com,2035550044,1044,9/8/20,9/8/22,CT,17,,,Blue Peak LLC,27-1000017,5551170017,deals17@bluepeakllc.com,Corporation,1426,CT,Stamford,6901,5,Co-op,4,3,2,Pool,127,6901,23A,467,Broad St,Stamford,CT,Fairfield,5,Co-op,127,814263,Closed,427,4/28/26,15:00,investor inquiry,canceled,,,,,,,,,,6901,Downtown Stamford,8,Stamford HS,55 Strawberry Hill Ave,Stamford,CT,Fairfield,6901,8,train
428,9,Greenwich Office,40 Field Point Rd,Greenwich,CT,6830,(203) 555-1919,51,Jakob,Calhoun,Agent,FT,4/22/20,jakobcalhoun@dreamhomesnyc.com,203-555-0051,1051,4/22/20,4/22/22,CT,83,Hannah,Scott,,,5551830083,hannah.scott83@email.com,Individual,1427,CT,Montclair,6510,2,House,2,3,,,147,6830,,374,Putnam Ave,Greenwich,CT,Fairfield,2,House,147,1546849,Pending,428,4/29/26,10:30,investor inquiry,scheduled,,,,,,,,,,6830,Greenwich Ave,9,Greenwich High,10 Hillside Rd,Greenwich,CT,Fairfield,6830,9,bus
429,5,Chelsea Office,456 8th Ave,New York,NY,10001,(212) 555-1515,28,Finn,Woods,Agent,FT,5/3/18,finnwoods@dreamhomesnyc.com,212-555-0028,1028,5/3/18,5/3/20,NY,91,Jane,Bell,,,5551910091,jane.bell91@email.com,Individual,1428,NY,New York,10001,5,Co-op,2,1,3,Parking,79,10001,5B,582,W 28th St,New York,NY,New York,5,Co-op,79,1316271,Active,429,4/30/26,10:30,virtual tour,Canceled,429,1343167.54,48990.02,3/25/26,rental,renter,,,,10001,Chelsea,5,PS 33,281 9th Ave,New York,NY,New York,10001,5,train
430,5,CHELSEA OFFICE,456 8th Ave,New York,NY,10001,2125551515,29,Reese,Chapman,Agent,PT,6/5/19,reesechapman@dreamhomesnyc.com,2125550029,1029,6/5/19,6/5/21,NY,98,Mia,Lee,,,5551980098,mia.lee98@email.com,Individual,1429,NY,New York,10001,3,Apartment,3,2,3,Parking,83,10001,12A,615,8th Ave,New York,NY,New York,3,Apartment,83,6390,Active,430,5/1/26,17:15,virtual tour,scheduled,,,,,,,,,,10001,Chelsea,5,PS 33,281 9th Ave,New York,NY,New York,10001,5,bus
431,9,Greenwich Office,40 Field Point Rd,Greenwich,CT,6830,2035551919,53,Dayton,Prince,Agent,PT,6/26/22,daytonprince@dreamhomesnyc.com,2035550053,1053,6/26/22,6/26/24,CT,16,Miles,Bailey,,,5551160016,miles.bailey16@email.com,Individual,1430,CT,Greenwich,6830,3,Apartment,2,1,,,156,6830,19B,35,Mason St,Greenwich,CT,Fairfield,3,Apartment,156,6556,Active,431,5/2/26,10:30,price sensitive,completed,,,,,,,,,,6830,Greenwich Ave,9,Greenwich High,10 Hillside Rd,Greenwich,CT,Fairfield,6830,9,train
432,4,Princeton Office,55 Nassau St,Princeton,NJ,8542,(609) 555-1414,20,Harlem,Good,Senior Agent,FT,9/14/24,harlemgood@dreamhomesnyc.com,609-555-0020,1020,9/14/24,9/14/26,NJ,140,Mason,Ross,,,5552400140,mason.ross140@email.com,Individual,1431,NY,Princeton,7030,4,Townhouse,1,2,6,Laundry,63,8542,,835,Witherspoon St,Princeton,NJ,Mercer,4,Townhouse,63,1095188,Active,,,,,,432,1075638.21,27919.3,3/28/26,sale,seller,432,4/17/26,13:00,8542,Princeton Center,4,Princeton High,151 Moore St,Princeton,NJ,Mercer,8542,4,bus
433,2,Jersey City Office,90 Hudson St,Jersey City,NJ,7302,2015551212,9,Kamari,Leblanc,Agent,FT,10/19/20,kamarileblanc@dreamhomesnyc.com,2015550009,1009,10/19/20,10/19/22,NJ,106,Miles,Lopez,,,5552060106,miles.lopez106@email.com,Individual,1432,NJ,Hoboken,7030,5,Co-op,2,1,,,36,7302,23A,631,Marin Blvd,Jersey City,NJ,Hudson,5,Co-op,36,1306794,Pending,,,,,,,,,,,,,,,7302,Downtown JC,2,PS 16,96 Sussex St,Jersey City,NJ,Hudson,7302,2,bus
434,10,New Haven Office,275 Chapel St,new haven,CT,6510,2035552020,58,Chloe,Zimmerman,Agent,FT,11/9/20,chloezimmerman@dreamhomesnyc.com,2035550058,1058,11/9/20,11/9/22,CT,20,Mason,Ross,,,5551200020,mason.ross20@email.com,Individual,1433,CT,JERSEY CITY,6510,1,Condo,3,2,,,163,6510,15B,588,Chapel St,New Haven,CT,New Haven,1,Condo,163,468710,Active,434,5/5/26,12:00,virtual tour,scheduled,,,,,,,,,,6510,Downtown New Haven,10,Hillhouse HS,480 Sherman Pkwy,New Haven,CT,New Haven,6510,10,train
435,3,Montclair Office,18 Bloomfield Ave,Montclair,NJ,7042,9735551313,17,Charley,Houston,Agent,PT,6/8/21,charleyhouston@dreamhomesnyc.com,9735550017,1017,6/8/21,6/8/23,NJ,87,Bella,Morris,,,5551870087,bella.morris87@email.com,Individual,1434,NJ,White Plains,10601,1,Condo,1,3,4,Elevator,47,7042,10B,567,Bloomfield Ave,Montclair,NJ,Essex,1,Condo,47,773982,Pending,435,5/6/26,10:30,late showing,completed,,,,,,,,,,7042,Upper Montclair,3,Montclair High,100 Chestnut St,Montclair,NJ,Essex,7042,3,subway
436,9,Greenwich Office,40 Field Point Rd,Greenwich,CT,6830,2035551919,53,Dayton,Prince,Agent,PT,6/26/22,daytonprince@dreamhomesnyc.com,2035550053,1053,6/26/22,6/26/24,CT,198,,,Pine Street Ventures,30-1000198,5552980198,deals198@pinestreetventures,Corporation,1435,CT,Greenwich,6830,4,Townhouse,1,1,3,Parking,148,6830,,334,Mason St,Greenwich,CT,Fairfield,4,Townhouse,148,2707659,Active,,,,repeat row,,,,,,,,436,4/21/26,12:00,6830,Greenwich Ave,9,Greenwich High,10 Hillside Rd,Greenwich,CT,Fairfield,6830,9,train
437,4,Princeton Office,55 Nassau St,Princeton,NJ,8542,6095551414,20,Harlem,Good,Senior Agent,FT,9/14/24,harlemgood@dreamhomesnyc.com,6095550020,1020,9/14/24,9/14/26,NJ,198,,,Pine Street Ventures,30-1000198,5552980198,deals198@pinestreetventures,Corporation,1436,NJ,Princeton,6901,4,Townhouse,2,1,,,60,8542,,875,Witherspoon St,Princeton,NJ,Mercer,4,Townhouse,60,1599778,Withdrawn,437,5/8/26,13:30,commuting buyer,Completed,437,1558576.42,44588.92,4/2/26,sale,buyer,,,,8542,Princeton Center,4,Princeton High,151 Moore St,Princeton,NJ,Mercer,8542,4,ferry
438,3,Montclair Office,18 Bloomfield Ave,Montclair,NJ,7042,(973) 555-1313,13,Tiffany,Griffith,Manager,FT,2/27/24,tiffanygriffith@dreamhomesnyc.com,973-555-0013,,,,,126,Noah,Kim,,,5552260126,noah.kim126@email.com,Individual,1437,NY,Brooklyn,7042,3,Apartment,1,3,4,Elevator,42,7042,18A,132,Valley Rd,Montclair,NJ,Essex,3,Apartment,42,4463,Active,438,5/9/26,13:30,commuting buyer,scheduled,,,,,,,,,,7042,Upper Montclair,3,Montclair High,100 Chestnut St,Montclair,NJ,Essex,7042,3,subway
439,1,Hoboken Office,123 River St,Hoboken,NJ,7030,2015551111,2,Bronson,McCullough,Senior Agent,FT,3/5/20,bronsonmccullough@dreamhomesnyc.com,2015550002,1002,3/5/20,3/5/22,NJ,167,Ruby,Price,,,5552670167,ruby.price167@email.com,Individual,1438,NJ,Jersey City,10601,1,Condo,2,2,1,Gym,17,7030,,93,Hudson St,Hoboken,NJ,Hudson,5,Co-op,17,923432,Active,439,5/10/26,10:30,price sensitive,scheduled,,,,,,,439,4/24/26,12:00,7030,Hoboken,1,Hoboken High,800 Clinton St,Hoboken,NJ,Hudson,7030,1,bus
440,6,Brooklyn Heights Office,200 Montague St,Brooklyn,NY,11201,7185551616,32,Titan,Griffin,Senior Agent,FT,9/11/22,titangriffin@dreamhomesnyc.com,7185550032,1032,9/11/22,9/11/24,NY,41,Ryan,Cooper,,,5551410041,ryan.cooper41@email.com,Individual,1439,NY,Brooklyn,11201,1,Condo,4,1,1,Gym,96,11201,,370,Joralemon St,Brooklyn,NY,Kings,1,Condo,96,552331,Active,440,4/1/26,12:00,commuting buyer,Canceled,,,,,,,440,4/25/26,13:00,11201,Brooklyn Heights,6,Brooklyn Heights Prep,50 Court St,Brooklyn,NY,Kings,11201,6,ferry
441,5,Chelsea Office,456 8th Ave,New York,NY,10001,2125551515,27,Alani,Stone,Agent,FT,4/1/24,alanistone@dreamhomesnyc.com,2125550027,1027,4/1/24,4/1/26,NY,121,,,Blue Peak LLC,42-1000121,5552210121,deals121@bluepeakllc.com,Corporation,1440,NY,White Plains,10001,3,Apartment,3,3,,,85,10001,27B,391,W 26th St,New York,NY,New York,3,Apartment,85,7978,Withdrawn,441,4/2/26,9:00,follow-up,scheduled,,,,,,,,,,10001,Chelsea,5,PS 33,281 9th Ave,New York,NY,New York,10001,5,train
442,2,JERSEY CITY OFFICE,90 Hudson St,Jersey City,NJ,7302,2015551212,12,Emiliano,Durham,Transaction Coordinator,FT,1/25/23,emilianodurham@dreamhomesnyc.com,2015550012,,,,,1,Jane,Roe,,,5551010001,jane.roe1@email.com,Individual,1441,NJ,Jersey City,7042,1,Condo,3,2,4,Elevator,35,7302,2A,809,Marin Blvd,Jersey City,NJ,Hudson,1,Condo,35,1351517,Pending,442,4/3/26,15:00,family interested in schools,completed,442,1286215.33,38029.75,4/7/26,sale,buyer,,,,7302,Downtown JC,2,PS 16,96 Sussex St,Jersey City,NJ,Hudson,7302,2,subway
443,5,Chelsea Office,456 8th Ave,New York,NY,10001,2125551515,25,Olive,Knight,Manager,FT,2/24/22,oliveknight@dreamhomesnyc.com,2125550025,,,,,64,Chris,Bailey,,,5551640064,chris.bailey64@email.com,Individual,1442,NY,New York,11201,4,Townhouse,4,3,,,73,10001,22A,986,8th Ave,New York,NY,New York,3,Apartment,73,3601,Active,,,,,,443,3506.4,82.71,4/8/26,sale,buyer,,,,10001,Chelsea,5,PS 33,281 9th Ave,New York,NY,New York,10001,5,train
444,9,Greenwich Office,40 Field Point Rd,Greenwich,CT,6830,(203) 555-1919,51,Jakob,Calhoun,Agent,FT,4/22/20,jakobcalhoun@dreamhomesnyc.com,203-555-0051,1051,4/22/20,4/22/22,CT,51,,,Stonebridge Inc,61-1000051,5551510051,deals51@stonebridgeinc.com,Corporation,1443,NJ,Greenwich,6830,2,House,2,2,2,Pool,162,6830,1A,64,Mason St,Greenwich,CT,Fairfield,5,Co-op,162,2643280,Closed,444,4/5/26,15:00,commuting buyer,scheduled,,,,,,,,,,6830,Greenwich Ave,9,Greenwich High,10 Hillside Rd,Greenwich,CT,Fairfield,6830,9,train
445,2,Jersey City Office,90 Hudson St,JERSEY CITY,NJ,7302,2015551212,12,Emiliano,Durham,Transaction Coordinator,FT,1/25/23,emilianodurham@dreamhomesnyc.com,2015550012,,,,,197,Ruby,Garcia,,,5552970197,ruby.garcia197@email.com,Individual,1444,NJ,JERSEY CITY,7042,3,Apartment,2,3,,,31,7302,18A,353,Grand St,Jersey City,NJ,Hudson,3,Apartment,31,6416,Active,445,4/6/26,9:00,late showing,scheduled,,,,,,,,,,7302,Downtown JC,2,PS 16,96 Sussex St,Jersey City,NJ,Hudson,7302,2,subway
446,2,Jersey City Office,90 Hudson St,Jersey City,NJ,7302,2015551212,11,Nayeli,Robertson,Agent,PT,12/23/22,nayelirobertson@dreamhomesnyc.com,2015550011,1011,12/23/22,12/23/24,NJ,183,Lina,Morris,,,5552830183,lina.morris183@email.com,Individual,1445,NJ,New York,7302,1,Condo,1,3,,,29,7302,,807,Grand St,Jersey City,NJ,Hudson,1,Condo,29,1284482,Closed,446,4/7/26,17:15,family interested in schools,Scheduled,446,1293490.87,34202.24,4/11/26,sale,buyer,,,,7302,Downtown JC,2,PS 16,96 Sussex St,Jersey City,NJ,Hudson,7302,2,ferry
447,8,Stamford Office,300 Atlantic St,Stamford,CT,6901,(203) 555-1818,46,Darius,Beasley,Agent,FT,11/12/22,dariusbeasley@dreamhomesnyc.com,203-555-0046,1046,11/12/22,11/12/24,CT,59,Sara,Scott,,,5551590059,sara.scott59@email.com,Individual,1446,CT,Montclair,6901,1,Condo,1,3,5,Doorman,137,6901,,226,Atlantic St,Stamford,CT,Fairfield,1,Condo,137,1174475,Active,,,,,,,,,,,,,,,6901,Downtown Stamford,8,Stamford HS,55 Strawberry Hill Ave,Stamford,CT,Fairfield,6901,8,bus
448,6,Brooklyn Heights Office,200 Montague St,brooklyn,NY,11201,7185551616,32,Titan,Griffin,Senior Agent,FT,9/11/22,titangriffin@dreamhomesnyc.com,7185550032,1032,9/11/22,9/11/24,NY,134,Tara,Hall,,,5552340134,tara.hall134@email.com,Individual,1447,NY,BROOKLYN,11201,1,Condo,1,2,6,Laundry,103,11201,,693,Court St,Brooklyn,NY,Kings,3,Apartment,103,3737,Active,448,4/9/26,9:00,First showing,scheduled,448,3729.87,126.12,4/13/26,rental,owner,,,,11201,Brooklyn Heights,6,Brooklyn Heights Prep,50 Court St,Brooklyn,NY,Kings,11201,6,bus
449,9,Greenwich Office,40 Field Point Rd,Greenwich,CT,6830,2035551919,53,Dayton,Prince,Agent,PT,6/26/22,daytonprince@dreamhomesnyc.com,2035550053,1053,6/26/22,6/26/24,CT,90,John,Ward,,,5551900090,john.ward90@email.com,Individual,1448,CT,New York,6830,3,Apartment,4,3,6,Laundry,152,6830,,762,Putnam Ave,Greenwich,CT,Fairfield,3,Apartment,152,8184,Closed,449,4/10/26,12:00,First showing,Scheduled,,,,,,,,,,6830,Greenwich Ave,9,Greenwich High,10 Hillside Rd,Greenwich,CT,Fairfield,6830,9,train
450,4,Princeton Office,55 Nassau St,Princeton,NJ,8542,6095551414,23,Ellianna,Nixon,Agent,PT,12/20/20,elliannanixon@dreamhomesnyc.com,6095550023,1023,12/20/20,12/20/22,NJ,77,,,North Elm Partners,87-1000077,5551770077,deals77@northelmpartners.com,Corporation,1449,CT,Stamford,8542,3,Apartment,2,1,4,Elevator,60,8542,,875,Witherspoon St,Princeton,NJ,Mercer,4,Townhouse,60,1599778,Withdrawn,450,4/11/26,10:30,virtual tour,Canceled,450,1518628.48,45531.58,3/1/26,sale,seller,450,5/5/26,14:00,8542,Princeton Center,4,Princeton High,151 Moore St,Princeton,NJ,Mercer,8542,4,ferry
451,6,Brooklyn Heights Office,200 Montague St,Brooklyn,NY,11201,7185551616,33,Charlie,Colon,Agent,FT,10/13/23,charliecolon@dreamhomesnyc.com,7185550033,1033,10/13/23,10/13/25,NY,27,Bella,Patel,,,5551270027,bella.patel27@email.com,Individual,1450,NY,New York,6830,4,Townhouse,4,2,,,108,11201,,920,Joralemon St,Brooklyn,NY,Kings,4,Townhouse,108,1371150,Active,451,4/12/26,15:00,virtual tour,Completed,,,,,,,,,,11201,Brooklyn Heights,6,Brooklyn Heights Prep,50 Court St,Brooklyn,NY,Kings,11201,6,bus
452,8,Stamford Office,300 Atlantic Street,Stamford,CT,6901,2035551818,46,Darius,Beasley,Agent,FT,11/12/22,dariusbeasley@dreamhomesnyc.com,2035550046,1046,11/12/22,11/12/24,CT,145,Priya,Roe,,,5552450145,priya.roe145@email.com,Individual,1451,CT,Stamford,10601,1,Condo,1,3,1,Gym,144,6901,32B,729,Atlantic St,Stamford,CT,Fairfield,1,Condo,144,1497196,Closed,452,4/13/26,10:30,late showing,completed,,,,,,,,,,6901,Downtown Stamford,8,Stamford HS,55 Strawberry Hill Ave,Stamford,CT,Fairfield,6901,8,bus
453,1,Hoboken Office,123 River St,Hoboken,NJ,7030,2015551111,3,Hana,Mora,Agent,FT,4/7/21,hanamora@dreamhomesnyc.com,2015550003,1003,4/7/21,4/7/23,NJ,113,Hannah,Cooper,,,5552130113,hannah.cooper113@email.com,Individual,1452,CT,Hoboken,10601,4,Townhouse,1,1,1,Gym,11,7030,,931,Washington St,Hoboken,NJ,Hudson,4,Townhouse,11,885612,Pending,453,4/14/26,13:30,First showing,scheduled,,,,,,,,,,7030,Hoboken,1,Hoboken High,800 Clinton St,Hoboken,NJ,Hudson,7030,1,subway
454,6,Brooklyn Heights Office,200 Montague St,Brooklyn,NY,11201,7185551616,32,Titan,Griffin,Senior Agent,FT,9/11/22,titangriffin@dreamhomesnyc.com,7185550032,1032,9/11/22,9/11/24,NY,71,Ryan,Price,,,5551710071,ryan.price71@email.com,Individual,1453,NY,Brooklyn,11201,3,Apartment,1,1,,,91,11201,15A,979,Montague St,Brooklyn,NY,Kings,1,Condo,91,1229849,Active,454,4/15/26,12:00,price sensitive,scheduled,,,,,,,,,,11201,Brooklyn Heights,6,Brooklyn Heights Prep,50 Court St,Brooklyn,NY,Kings,11201,6,ferry
455,5,Chelsea Office,456 8th Ave,New York,NY,10001,2125551515,25,Olive,Knight,Manager,FT,2/24/22,oliveknight@dreamhomesnyc.com,2125550025,,,,,185,Eva,Cooper,,,5552850185,eva.cooper185@email.com,Individual,1454,NY,New York,7042,2,House,2,2,,,82,10001,,191,W 28th St,New York,NY,New York,1,Condo,82,1358833,Active,455,4/16/26,10:30,late showing,Scheduled,455,1348459.96,39531.76,3/6/26,sale,seller,,,,10001,Chelsea,5,PS 33,281 9th Ave,New York,NY,New York,10001,5,ferry
456,6,Brooklyn Heights Office,200 Montague Street,Brooklyn,NY,11201,7185551616,32,Titan,Griffin,Senior Agent,FT,9/11/22,titangriffin@dreamhomesnyc.com,7185550032,1032,9/11/22,9/11/24,NY,20,Mason,Ross,,,5551200020,mason.ross20@email.com,Individual,1455,NY,Brooklyn,11201,4,Townhouse,2,1,4,Elevator,102,11201,17B,406,Joralemon St,Brooklyn,NY,Kings,5,Co-op,102,677189,Closed,456,4/17/26,17:15,investor inquiry,completed,,,,,,,456,4/6/26,12:00,11201,Brooklyn Heights,6,Brooklyn Heights Prep,50 Court St,Brooklyn,NY,Kings,11201,6,ferry
457,4,Princeton Office,55 Nassau Street,Princeton,NJ,8542,6095551414,20,Harlem,Good,Senior Agent,FT,9/14/24,harlemgood@dreamhomesnyc.com,6095550020,1020,9/14/24,9/14/26,NJ,171,Zoe,Patel,,,5552710171,zoe.patel171@email.com,Individual,1456,NJ,Princeton,8542,4,Townhouse,1,2,2,Pool,63,8542,,835,Witherspoon St,Princeton,NJ,Mercer,4,Townhouse,63,1095188,Active,,,,repeat row,,,,,,,,,,,8542,Princeton Center,4,Princeton High,151 Moore St,Princeton,NJ,Mercer,8542,4,bus
458,8,Stamford Office,300 Atlantic St,STAMFORD,CT,6901,2035551818,44,August,Walsh,Senior Agent,FT,9/8/20,augustwalsh@dreamhomesnyc.com,2035550044,1044,9/8/20,9/8/22,CT,146,Ethan,Lee,,,5552460146,ethan.lee146@email.com,Individual,1457,CT,STAMFORD,6901,3,Apartment,3,2,,,143,6901,24B,283,Summer St,Stamford,CT,Fairfield,3,Apartment,143,5706,Active,,,,,,,,,,,,,,,6901,Downtown Stamford,8,Stamford HS,55 Strawberry Hill Ave,Stamford,CT,Fairfield,6901,8,bus
459,2,Jersey City Office,90 Hudson Street,Jersey City,NJ,7302,2015551212,8,Adler,Krueger,Senior Agent,FT,9/17/19,adlerkrueger@dreamhomesnyc.com,2015550008,1008,9/17/19,9/17/21,NJ,83,Hannah,Scott,,,5551830083,hannah.scott83@email.com,Individual,1458,CT,Jersey City,7302,3,Apartment,3,2,2,Pool,20,7302,28B,937,Grove St,Jersey City,NJ,Hudson,3,Apartment,20,2679,Active,459,4/20/26,17:15,family interested in schools,scheduled,,,,,,,,,,7302,Downtown JC,2,PS 16,96 Sussex St,Jersey City,NJ,Hudson,7302,2,train
460,8,Stamford Office,300 Atlantic Street,Stamford,CT,6901,2035551818,47,Jaylah,Hodges,Agent,PT,12/14/23,jaylahhodges@dreamhomesnyc.com,2035550047,1047,12/14/23,12/14/25,CT,17,,,Blue Peak LLC,27-1000017,5551170017,deals17@bluepeakllc.com,Corporation,1459,NJ,Stamford,6901,2,House,2,2,1,Gym,128,6901,,744,Broad St,Stamford,CT,Fairfield,2,House,128,621082,Closed,,,,repeat row,,460,597903.89,17473.12,3/11/26,sale,buyer,,,,6901,Downtown Stamford,8,Stamford HS,55 Strawberry Hill Ave,Stamford,CT,Fairfield,6901,8,bus
461,2,Jersey City Office,90 Hudson St,Jersey City,NJ,7302,2015551212,8,Adler,Krueger,Senior Agent,FT,9/17/19,adlerkrueger@dreamhomesnyc.com,2015550008,1008,9/17/19,9/17/21,NJ,170,,,Metro Holdings,91-1000170,5552700170,deals170@metroholdings,Corporation,1460,NJ,Jersey City,11201,1,Condo,3,2,,,35,7302,2A,809,Marin Blvd,Jersey City,NJ,Hudson,1,Condo,35,1351517,Pending,,,,,,,,,,,,,,,7302,Downtown JC,2,PS 16,96 Sussex St,Jersey City,NJ,Hudson,7302,2,subway
462,2,Jersey City Office,90 Hudson St,Jersey City,NJ,7302,2015551212,11,Nayeli,Robertson,Agent,PT,12/23/22,nayelirobertson@dreamhomesnyc.com,2015550011,1011,12/23/22,12/23/24,NJ,136,,,Acme Holdings,57-1000136,5552360136,deals136@acmeholdings,Corporation,1461,NJ,Jersey City,7302,2,House,1,1,1,Gym,19,7302,9B,316,Marin Blvd,Jersey City,NJ,Hudson,5,Co-op,19,1478480,Pending,462,4/23/26,13:30,commuting buyer,scheduled,,,,,,,,,,7302,Downtown JC,2,PS 16,96 Sussex St,Jersey City,NJ,Hudson,7302,2,train
463,3,MONTCLAIR OFFICE,18 Bloomfield Ave,Montclair,NJ,7042,9735551313,17,Charley,Houston,Agent,PT,6/8/21,charleyhouston@dreamhomesnyc.com,9735550017,1017,6/8/21,6/8/23,NJ,91,Jane,Bell,,,5551910091,jane.bell91@email.com,Individual,1462,NJ,Montclair,7042,1,Condo,2,2,1,Gym,47,7042,10B,567,Bloomfield Ave,Montclair,NJ,Essex,1,Condo,47,773982,Pending,463,4/24/26,9:00,investor inquiry,scheduled,,,,,,,463,4/13/26,11:00,7042,Upper Montclair,3,Montclair High,100 Chestnut St,Montclair,NJ,Essex,7042,3,subway
464,1,Hoboken Office,123 River Street,Hoboken,NJ,7030,2015551111,5,Raelynn,Singh,Agent,PT,6/11/23,raelynnsingh@dreamhomesnyc.com,2015550005,1005,6/11/23,6/11/25,NJ,4,Chris,Ng,,,5551040004,chris.ng4@email.com,Individual,1463,NJ,Hoboken,7030,5,Co-op,2,1,2,Pool,1,7030,9A,35,Washington St,Hoboken,NJ,Hudson,1,Condo,1,1422246,Active,464,4/25/26,12:00,follow-up,Completed,,,,,,,,,,7030,Hoboken,1,Hoboken High,800 Clinton St,Hoboken,NJ,Hudson,7030,1,subway
465,8,Stamford Office,300 Atlantic St,Stamford,CT,6901,2035551818,46,Darius,Beasley,Agent,FT,11/12/22,dariusbeasley@dreamhomesnyc.com,2035550046,1046,11/12/22,11/12/24,CT,114,Jason,Ward,,,5552140114,jason.ward114@email.com,Individual,1464,CT,Stamford,6901,1,Condo,2,2,,,130,6901,25B,922,Summer St,Stamford,CT,Fairfield,3,Apartment,130,4424,Closed,,,,,,,,,,,,,,,6901,Downtown Stamford,8,Stamford HS,55 Strawberry Hill Ave,Stamford,CT,Fairfield,6901,8,train
466,7,White Plains Office,10 Main St,White Plains,NY,10601,9145551717,41,Gwendolyn,Bridges,Agent,PT,6/2/24,gwendolynbridges@dreamhomesnyc.com,9145550041,1041,6/2/24,6/2/26,NY,100,Ivy,Ng,,,5552000100,ivy.ng100@email.com,Individual,1465,NJ,Jersey City,10601,2,House,1,2,4,Elevator,117,10601,,541,Mamaroneck Ave,White Plains,NY,Westchester,2,House,117,858955,Active,,,,,,,,,,,,,,,10601,Downtown White Plains,7,White Plains HS,550 North St,White Plains,NY,Westchester,10601,7,ferry
467,8,Stamford Office,300 Atlantic Street,Stamford,CT,6901,2035551818,47,Jaylah,Hodges,Agent,PT,12/14/23,jaylahhodges@dreamhomesnyc.com,2035550047,1047,12/14/23,12/14/25,CT,168,Caleb,Doe,,,5552680168,caleb.doe168@email.com,Individual,1466,CT,Stamford,6901,4,Townhouse,2,3,,,134,6901,,579,Summer St,Stamford,CT,Fairfield,4,Townhouse,134,812932,Active,467,4/28/26,17:15,commuting buyer,scheduled,,,,,,,467,4/17/26,11:00,6901,Downtown Stamford,8,Stamford HS,55 Strawberry Hill Ave,Stamford,CT,Fairfield,6901,8,bus
468,5,CHELSEA OFFICE,456 8th Ave,New York,NY,10001,2125551515,29,Reese,Chapman,Agent,PT,6/5/19,reesechapman@dreamhomesnyc.com,2125550029,1029,6/5/19,6/5/21,NY,157,Sophia,Reed,,,5552570157,sophia.reed157@email.com,Individual,1467,NY,New York,10001,1,Condo,3,1,6,Laundry,83,10001,12A,615,8th Ave,New York,NY,New York,3,Apartment,83,6390,Active,,,,,,,,,,,,,,,10001,Chelsea,5,PS 33,281 9th Ave,New York,NY,New York,10001,5,bus
469,1,Hoboken Office,123 River St,hoboken,NJ,7030,2015551111,4,Arturo,Russell,Agent,FT,5/9/22,arturorussell@dreamhomesnyc.com,2015550004,1004,5/9/22,5/9/24,NJ,49,Ava,Roe,,,5551490049,ava.roe49@email.com,Individual,1468,NJ,HOBOKEN,10601,5,Co-op,1,3,1,Gym,13,7030,28B,684,Hudson St,Hoboken,NJ,Hudson,1,Condo,13,1414491,Active,469,4/30/26,10:30,family interested in schools,Canceled,469,1372566.65,49920.98,3/20/26,rental,owner,469,4/19/26,14:00,7030,Hoboken,1,Hoboken High,800 Clinton St,Hoboken,NJ,Hudson,7030,1,ferry
470,5,Chelsea Office,456 8th Ave,New York,NY,10001,2125551515,27,Alani,Stone,Agent,FT,4/1/24,alanistone@dreamhomesnyc.com,2125550027,1027,4/1/24,4/1/26,NY,62,Mark,Hall,,,5551620062,mark.hall62@email.com,Individual,1469,NY,Brooklyn,10601,3,Apartment,2,1,3,Parking,75,10001,23A,961,W 28th St,New York,NY,New York,5,Co-op,75,1428527,Pending,,,,,,,,,,,,,,,10001,Chelsea,5,PS 33,281 9th Ave,New York,NY,New York,10001,5,subway
471,3,Montclair Office,18 Bloomfield Ave,montclair,NJ,7042,9735551313,18,Sylas,Stuart,Transaction Coordinator,FT,7/10/22,sylasstuart@dreamhomesnyc.com,9735550018,,,,,189,Owen,Foster,,,5552890189,owen.foster189@email.com,Individual,1470,NY,WHITE PLAINS,10601,4,Townhouse,1,2,1,Gym,53,7042,,493,Bloomfield Ave,Montclair,NJ,Essex,4,Townhouse,53,1228492,Active,471,5/2/26,13:30,price sensitive,Completed,471,1167428.86,27658.64,3/22/26,sale,seller,471,4/21/26,13:00,7042,Upper Montclair,3,Montclair High,100 Chestnut St,Montclair,NJ,Essex,7042,3,subway
472,10,New Haven Office,275 Chapel St,New Haven,CT,6510,2035552020,57,Shepherd,Clark,Agent,FT,10/7/19,shepherdclark@dreamhomesnyc.com,2035550057,1057,10/7/19,10/7/21,CT,178,Dylan,Lopez,,,5552780178,dylan.lopez178@email.com,Individual,1471,CT,New Haven,6510,4,Townhouse,1,1,1,Gym,175,6510,,312,State St,New Haven,CT,New Haven,4,Townhouse,175,362653,Withdrawn,472,5/3/26,13:30,family interested in schools,Completed,,,,,,,472,4/22/26,14:00,6510,Downtown New Haven,10,Hillhouse HS,480 Sherman Pkwy,New Haven,CT,New Haven,6510,10,train
473,4,Princeton Office,55 Nassau St,Princeton,NJ,8542,(609) 555-1414,22,Trey,Kane,Agent,FT,11/18/19,treykane@dreamhomesnyc.com,609-555-0022,1022,11/18/19,11/18/21,NJ,100,Ivy,Ng,,,5552000100,ivy.ng100@email.com,Individual,1472,NJ,Jersey City,8542,5,Co-op,2,1,5,Doorman,59,8542,17B,156,Nassau St,Princeton,NJ,Mercer,5,Co-op,59,1403207,Active,473,5/4/26,10:30,family interested in schools,Canceled,473,1320809.29,31230.97,3/24/26,sale,seller,,,,8542,Princeton Center,4,Princeton High,151 Moore St,Princeton,NJ,Mercer,8542,4,bus
474,3,Montclair Office,18 Bloomfield Ave,MONTCLAIR,NJ,7042,9735551313,13,Tiffany,Griffith,Manager,FT,2/27/24,tiffanygriffith@dreamhomesnyc.com,9735550013,,,,,101,Ryan,Garcia,,,5552010101,ryan.garcia101@email.com,Individual,1473,NJ,GREENWICH,7042,1,Condo,1,2,1,Gym,52,7042,11B,655,Valley Rd,Montclair,NJ,Essex,1,Condo,52,697736,Active,,,,,,,,,,,,,,,7042,Upper Montclair,3,Montclair High,100 Chestnut St,Montclair,NJ,Essex,7042,3,train
475,1,Hoboken Office,123 River St,Hoboken,NJ,7030,2015551111,2,Bronson,McCullough,Senior Agent,FT,3/5/20,bronsonmccullough@dreamhomesnyc.com,2015550002,1002,3/5/20,3/5/22,NJ,17,,,Blue Peak LLC,27-1000017,5551170017,deals17@bluepeakllc.com,Corporation,1474,NJ,Hoboken,7042,3,Apartment,2,1,,,15,7030,6A,895,Hudson St,Hoboken,NJ,Hudson,2,House,15,928085,Active,475,5/6/26,9:00,commuting buyer,completed,475,891153.37,24250.2,3/26/26,sale,buyer,,,,7030,Hoboken,1,Hoboken High,800 Clinton St,Hoboken,NJ,Hudson,7030,1,ferry
476,5,Chelsea Office,456 8th Ave,New York,NY,10001,2125551515,29,Reese,Chapman,Agent,PT,6/5/19,reesechapman@dreamhomesnyc.com,2125550029,1029,6/5/19,6/5/21,NY,100,Ivy,Ng,,,5552000100,ivy.ng100@email.com,Individual,1475,NY,Stamford,11201,4,Townhouse,2,1,3,Parking,73,10001,22A,986,8th Ave,New York,NY,New York,3,Apartment,73,3601,Active,476,5/7/26,10:30,commuting buyer,Canceled,,,,,,,,,,10001,Chelsea,5,PS 33,281 9th Ave,New York,NY,New York,10001,5,train
477,5,CHELSEA OFFICE,456 8th Ave,New York,NY,10001,2125551515,28,Finn,Woods,Agent,FT,5/3/18,finnwoods@dreamhomesnyc.com,2125550028,1028,5/3/18,5/3/20,NY,118,Dylan,Cole,,,5552180118,dylan.cole118@email.com,Individual,1476,NY,Princeton,7042,3,Apartment,1,2,4,Elevator,77,10001,28B,288,W 26th St,New York,NY,New York,1,Condo,77,480585,Pending,,,,,,,,,,,,,,,10001,Chelsea,5,PS 33,281 9th Ave,New York,NY,New York,10001,5,ferry
478,4,Princeton Office,55 Nassau St,Princeton,NJ,8542,6095551414,20,Harlem,Good,Senior Agent,FT,9/14/24,harlemgood@dreamhomesnyc.com,6095550020,1020,9/14/24,9/14/26,NJ,49,Ava,Roe,,,5551490049,ava.roe49@email.com,Individual,1477,NJ,New Haven,8542,4,Townhouse,2,2,,,63,8542,,835,Witherspoon St,Princeton,NJ,Mercer,4,Townhouse,63,1095188,Active,478,5/9/26,13:30,investor inquiry,completed,,,,,,,,,,8542,Princeton Center,4,Princeton High,151 Moore St,Princeton,NJ,Mercer,8542,4,bus
479,10,NEW HAVEN OFFICE,275 Chapel St,New Haven,CT,6510,2035552020,59,Sergio,Harrison,Agent,PT,12/11/21,sergioharrison@dreamhomesnyc.com,2035550059,1059,12/11/21,12/11/23,CT,133,Paul,Reed,,,5552330133,paul.reed133@email.com,Individual,1478,CT,Hoboken,10601,3,Apartment,1,2,6,Laundry,169,6510,,858,Orange St,New Haven,CT,New Haven,3,Apartment,169,3894,Active,479,5/10/26,10:30,price sensitive,scheduled,,,,,,,,,,6510,Downtown New Haven,10,Hillhouse HS,480 Sherman Pkwy,New Haven,CT,New Haven,6510,10,train
480,5,Chelsea Office,456 8th Ave,New York,NY,10001,(212) 555-1515,27,Alani,Stone,Agent,FT,4/1/24,alanistone@dreamhomesnyc.com,212-555-0027,1027,4/1/24,4/1/26,NY,196,Miles,Ng,,,5552960196,miles.ng196@email.com,Individual,1479,NY,Hoboken,7302,3,Apartment,1,1,3,Parking,81,10001,,807,8th Ave,New York,NY,New York,3,Apartment,81,4696,Active,480,4/1/26,10:30,family interested in schools,Canceled,,,,,,,,,,10001,Chelsea,5,PS 33,281 9th Ave,New York,NY,New York,10001,5,train
481,7,White Plains Office,10 Main St,white plains,NY,10601,9145551717,41,Gwendolyn,Bridges,Agent,PT,6/2/24,gwendolynbridges@dreamhomesnyc.com,9145550041,1041,6/2/24,6/2/26,NY,45,Leah,Foster,,,5551450045,leah.foster45@email.com,Individual,1480,NY,WHITE PLAINS,10601,2,House,1,2,5,Doorman,122,10601,26B,437,Mamaroneck Ave,White Plains,NY,Westchester,2,House,122,1132063,Active,481,4/2/26,13:30,investor inquiry,Completed,,,,,,,,,,10601,Downtown White Plains,7,White Plains HS,550 North St,White Plains,NY,Westchester,10601,7,subway
482,1,Hoboken Office,123 River St,Hoboken,NJ,7030,2015551111,3,Hana,Mora,Agent,FT,4/7/21,hanamora@dreamhomesnyc.com,2015550003,1003,4/7/21,4/7/23,NJ,98,Mia,Lee,,,5551980098,mia.lee98@email.com,Individual,1481,NJ,Hoboken,6510,4,Townhouse,2,2,4,Elevator,11,7030,,931,Washington St,Hoboken,NJ,Hudson,4,Townhouse,11,885612,Pending,,,,,,,,,,,,,,,7030,Hoboken,1,Hoboken High,800 Clinton St,Hoboken,NJ,Hudson,7030,1,subway
483,1,Hoboken Office,123 River St,HOBOKEN,NJ,7030,2015551111,2,Bronson,McCullough,Senior Agent,FT,3/5/20,bronsonmccullough@dreamhomesnyc.com,2015550002,1002,3/5/20,3/5/22,NJ,160,Ivy,Bailey,,,5552600160,ivy.bailey160@email.com,Individual,1482,NJ,HOBOKEN,7030,2,House,4,2,3,Parking,18,7030,3A,646,Washington St,Hoboken,NJ,Hudson,4,Townhouse,18,788890,Active,483,4/4/26,13:30,First showing,completed,,,,,,,,,,7030,Hoboken,1,Hoboken High,800 Clinton St,Hoboken,NJ,Hudson,7030,1,bus
484,3,Montclair Office,18 Bloomfield Ave,Montclair,NJ,7042,9735551313,17,Charley,Houston,Agent,PT,6/8/21,charleyhouston@dreamhomesnyc.com,9735550017,1017,6/8/21,6/8/23,NJ,134,Tara,Hall,,,5552340134,tara.hall134@email.com,Individual,1483,NJ,Montclair,7030,4,Townhouse,4,2,3,Parking,50,7042,,720,Park St,Montclair,NJ,Essex,4,Townhouse,50,638479,Closed,484,4/5/26,17:15,virtual tour,Scheduled,484,601973.1,17481.48,4/4/26,sale,buyer,,,,7042,Upper Montclair,3,Montclair High,100 Chestnut St,Montclair,NJ,Essex,7042,3,ferry
485,6,BROOKLYN HEIGHTS OFFICE,200 Montague St,Brooklyn,NY,11201,7185551616,34,Bruce,Richardson,Agent,FT,11/15/24,brucerichardson@dreamhomesnyc.com,7185550034,1034,11/15/24,11/15/26,NY,121,,,Blue Peak LLC,42-1000121,5552210121,deals121@bluepeakllc.com,Corporation,1484,NY,Brooklyn,10601,4,Townhouse,3,2,6,Laundry,98,11201,,926,Court St,Brooklyn,NY,Kings,4,Townhouse,98,979353,Pending,485,4/6/26,10:30,virtual tour,canceled,,,,,,,,,,11201,Brooklyn Heights,6,Brooklyn Heights Prep,50 Court St,Brooklyn,NY,Kings,11201,6,subway
486,8,Stamford Office,300 Atlantic Street,Stamford,CT,6901,2035551818,43,Naomi,Burns,Manager,FT,8/6/19,naomiburns@dreamhomesnyc.com,2035550043,,,,,33,,,Blue Peak LLC,43-1000033,5551330033,deals33@bluepeakllc.com,Corporation,1485,NJ,Stamford,6901,4,Townhouse,3,1,1,Gym,131,6901,,699,Broad St,Stamford,CT,Fairfield,4,Townhouse,131,736652,Active,486,4/7/26,12:00,follow-up,Completed,,,,,,,,,,6901,Downtown Stamford,8,Stamford HS,55 Strawberry Hill Ave,Stamford,CT,Fairfield,6901,8,bus
487,10,New Haven Office,275 Chapel St,NEW HAVEN,CT,6510,2035552020,59,Sergio,Harrison,Agent,PT,12/11/21,sergioharrison@dreamhomesnyc.com,2035550059,1059,12/11/21,12/11/23,CT,32,Mark,Chen,,,5551320032,mark.chen32@email.com,Individual,1486,CT,NEW HAVEN,7302,4,Townhouse,4,1,1,Gym,171,6510,,681,Chapel St,New Haven,CT,New Haven,4,Townhouse,171,358454,Pending,487,4/8/26,13:30,late showing,completed,487,363321.66,10104.62,4/7/26,sale,seller,,,,6510,Downtown New Haven,10,Hillhouse HS,480 Sherman Pkwy,New Haven,CT,New Haven,6510,10,train
488,7,White Plains Office,10 Main St,White Plains,NY,10601,9145551717,40,Blaine,McKinney,Agent,FT,5/27/23,blainemckinney@dreamhomesnyc.com,9145550040,1040,5/27/23,5/27/25,NY,2,Mark,Lee,,,5551020002,mark.lee2@email.com,Individual,1487,NY,New York,10601,3,Apartment,1,1,,,114,10601,17A,833,Hamilton Ave,White Plains,NY,Westchester,3,Apartment,114,6775,Active,488,4/9/26,10:30,price sensitive,scheduled,,,,,,,,,,10601,Downtown White Plains,7,White Plains HS,550 North St,White Plains,NY,Westchester,10601,7,subway
489,8,Stamford Office,300 Atlantic St,Stamford,CT,6901,2035551818,46,Darius,Beasley,Agent,FT,11/12/22,dariusbeasley@dreamhomesnyc.com,2035550046,1046,11/12/22,11/12/24,CT,56,Ethan,Chen,,,5551560056,ethan.chen56@email.com,Individual,1488,CT,Princeton,6901,3,Apartment,4,2,4,Elevator,130,6901,25B,922,Summer St,Stamford,CT,Fairfield,3,Apartment,130,4424,Closed,489,4/10/26,17:15,First showing,completed,,,,,,,,,,6901,Downtown Stamford,8,Stamford HS,55 Strawberry Hill Ave,Stamford,CT,Fairfield,6901,8,train
490,1,Hoboken Office,123 River Street,Hoboken,NJ,7030,2015551111,6,Louis,Guevara,Transaction Coordinator,FT,7/13/24,louisguevara@dreamhomesnyc.com,2015550006,,,,,23,Hannah,Price,,,5551230023,hannah.price23@email.com,Individual,1489,NJ,Brooklyn,6510,2,House,1,3,6,Laundry,4,7030,7B,801,Hudson St,Hoboken,NJ,Hudson,2,House,4,1125435,Pending,,,,repeat row,,,,,,,,,,,7030,Hoboken,1,Hoboken High,800 Clinton St,Hoboken,NJ,Hudson,7030,1,bus
491,8,Stamford Office,300 Atlantic St,Stamford,CT,6901,2035551818,44,August,Walsh,Senior Agent,FT,9/8/20,augustwalsh@dreamhomesnyc.com,2035550044,1044,9/8/20,9/8/22,CT,59,Sara,Scott,,,5551590059,sara.scott59@email.com,Individual,1490,CT,Stamford,6901,4,Townhouse,2,2,4,Elevator,140,6901,,182,Broad St,Stamford,CT,Fairfield,4,Townhouse,140,623170,Closed,,,,,,,,,,,,,,,6901,Downtown Stamford,8,Stamford HS,55 Strawberry Hill Ave,Stamford,CT,Fairfield,6901,8,train
492,1,Hoboken Office,123 River St,Hoboken,NJ,7030,2015551111,3,Hana,Mora,Agent,FT,4/7/21,hanamora@dreamhomesnyc.com,2015550003,1003,4/7/21,4/7/23,NJ,98,Mia,Lee,,,5551980098,mia.lee98@email.com,Individual,1491,CT,Hoboken,7030,1,Condo,4,1,,,7,7030,,783,River St,Hoboken,NJ,Hudson,1,Condo,7,1363536,Withdrawn,492,4/13/26,10:30,investor inquiry,Canceled,492,1342754.37,31806.32,4/12/26,sale,seller,,,,7030,Hoboken,1,Hoboken High,800 Clinton St,Hoboken,NJ,Hudson,7030,1,subway
493,7,White Plains Office,10 Main St,White Plains,NY,10601,9145551717,41,Gwendolyn,Bridges,Agent,PT,6/2/24,gwendolynbridges@dreamhomesnyc.com,9145550041,1041,6/2/24,6/2/26,NY,41,Ryan,Cooper,,,5551410041,ryan.cooper41@email.com,Individual,1492,NY,Brooklyn,7302,4,Townhouse,3,2,,,111,10601,17A,102,Hamilton Ave,White Plains,NY,Westchester,1,Condo,111,1126543,Active,493,4/14/26,9:00,investor inquiry,Completed,493,1090443.01,29593.1,4/13/26,sale,buyer,,,,10601,Downtown White Plains,7,White Plains HS,550 North St,White Plains,NY,Westchester,10601,7,subway
494,5,Chelsea Office,456 8th Ave,New York,NY,10001,2125551515,27,Alani,Stone,Agent,FT,4/1/24,alanistone@dreamhomesnyc.com,2125550027,1027,4/1/24,4/1/26,NY,177,Bella,Baker,,,5552770177,bella.baker177@email.com,Individual,1493,NY,New York,10001,5,Co-op,2,2,,,88,10001,24A,799,W 28th St,New York,NY,New York,5,Co-op,88,650182,Active,,,,repeat row,,,,,,,,,,,10001,Chelsea,5,PS 33,281 9th Ave,New York,NY,New York,10001,5,bus
495,8,Stamford Office,300 Atlantic St,stamford,CT,6901,2035551818,44,August,Walsh,Senior Agent,FT,9/8/20,augustwalsh@dreamhomesnyc.com,2035550044,1044,9/8/20,9/8/22,CT,85,,,North Elm Partners,95-1000085,5551850085,deals85@northelmpartners.com,Corporation,1494,CT,BROOKLYN,6510,2,House,4,3,5,Doorman,143,6901,24B,283,Summer St,Stamford,CT,Fairfield,3,Apartment,143,5706,Active,495,4/16/26,9:00,late showing,completed,,,,,,,,,,6901,Downtown Stamford,8,Stamford HS,55 Strawberry Hill Ave,Stamford,CT,Fairfield,6901,8,bus
496,8,Stamford Office,300 Atlantic St,Stamford,CT,6901,(203) 555-1818,46,Darius,Beasley,Agent,FT,11/12/22,dariusbeasley@dreamhomesnyc.com,203-555-0046,1046,11/12/22,11/12/24,CT,155,Eva,Scott,,,5552550155,eva.scott155@email.com,Individual,1495,CT,Stamford,6901,3,Apartment,4,1,2,Pool,136,6901,,877,Summer St,Stamford,CT,Fairfield,4,Townhouse,136,955116,Closed,496,4/17/26,12:00,late showing,completed,,,,,,,496,4/11/26,13:00,6901,Downtown Stamford,8,Stamford HS,55 Strawberry Hill Ave,Stamford,CT,Fairfield,6901,8,train
497,5,Chelsea Office,456 8th Ave,New York,NY,10001,(212) 555-1515,27,Alani,Stone,Agent,FT,4/1/24,alanistone@dreamhomesnyc.com,212-555-0027,1027,4/1/24,4/1/26,NY,138,Caleb,Ward,,,5552380138,caleb.ward138@email.com,Individual,1496,NY,Princeton,6510,3,Apartment,2,1,3,Parking,81,10001,,807,8th Ave,New York,NY,New York,3,Apartment,81,4696,Active,497,4/18/26,13:30,commuting buyer,Scheduled,,,,,,,,,,10001,Chelsea,5,PS 33,281 9th Ave,New York,NY,New York,10001,5,train
498,1,Hoboken Office,123 River St,Hoboken,NJ,7030,2015551111,3,Hana,Mora,Agent,FT,4/7/21,hanamora@dreamhomesnyc.com,2015550003,1003,4/7/21,4/7/23,NJ,196,Miles,Ng,,,5552960196,miles.ng196@email.com,Individual,1497,NJ,Hoboken,7042,5,Co-op,2,3,,,8,7030,25A,778,Hudson St,Hoboken,NJ,Hudson,5,Co-op,8,1105884,Closed,498,4/19/26,10:30,virtual tour,Canceled,498,1052324.06,31223.29,3/4/26,sale,buyer,,,,7030,Hoboken,1,Hoboken High,800 Clinton St,Hoboken,NJ,Hudson,7030,1,bus
499,6,Brooklyn Heights Office,200 Montague St,BROOKLYN,NY,11201,7185551616,33,Charlie,Colon,Agent,FT,10/13/23,charliecolon@dreamhomesnyc.com,7185550033,1033,10/13/23,10/13/25,NY,185,Eva,Cooper,,,5552850185,eva.cooper185@email.com,Individual,1498,NY,BROOKLYN,11201,4,Townhouse,1,2,3,Parking,95,11201,,904,Court St,Brooklyn,NY,Kings,4,Townhouse,95,561682,Pending,499,4/20/26,15:00,First showing,completed,499,564240.08,13253.44,3/5/26,sale,buyer,,,,11201,Brooklyn Heights,6,Brooklyn Heights Prep,50 Court St,Brooklyn,NY,Kings,11201,6,ferry
500,4,Princeton Office,55 Nassau St,Princeton,NJ,8542,6095551414,20,Harlem,Good,Senior Agent,FT,9/14/24,harlemgood@dreamhomesnyc.com,6095550020,1020,9/14/24,9/14/26,NJ,93,Lina,Foster,,,5551930093,lina.foster93@email.com,Individual,1499,NY,Princeton,8542,3,Apartment,2,3,6,Laundry,61,8542,,18,Mercer St,Princeton,NJ,Mercer,3,Apartment,61,8000,Pending,500,4/21/26,9:00,family interested in schools,scheduled,500,8210.21,597.51,3/6/26,rental,owner,,,,8542,Princeton Center,4,Princeton High,151 Moore St,Princeton,NJ,Mercer,8542,4,ferry